"","Var1","Freq"
"1","　",295
"2","1",17
"3","1.",1
"4","1.5",1
"5","1.55",1
"6","10",14
"7","100",6
"8","1000",8
"9","11",4
"10","11.",1
"11","11.9",1
"12","12",10
"13","1200",2
"14","13",2
"15","13-14",1
"16","1300",1
"17","1303",1
"18","135",1
"19","14",2
"20","15",6
"21","150",3
"22","1500",1
"23","16",6
"24","1600",1
"25","1688",1
"26","17",5
"27","17000",1
"28","176",1
"29","18.6",1
"30","1830",1
"31","1900",1
"32","1992",1
"33","1998",1
"34","2",7
"35","2.",1
"36","2.26",1
"37","20",6
"38","2000",3
"39","2007",1
"40","2008",1
"41","2016",1
"42","2017",3
"43","2018",3
"44","2025",9
"45","2068",1
"46","2087.5",1
"47","22",4
"48","23",2
"49","2307.5",1
"50","24",8
"51","25",4
"52","26",2
"53","27",2
"54","28",1
"55","29",2
"56","3",15
"57","3.",1
"58","30",8
"59","300",3
"60","3000",1
"61","31",19
"62","31.",1
"63","32.2",1
"64","320",1
"65","33",1
"66","34.7",1
"67","35",1
"68","37",1
"69","3764",1
"70","38000",1
"71","39",1
"72","4",10
"73","4.",1
"74","4.6",1
"75","40",3
"76","400",3
"77","4000",1
"78","41",1
"79","41.8",1
"80","42",1
"81","45",1
"82","4600",1
"83","48",1
"84","4911",1
"85","5",18
"86","5.",1
"87","5.20",1
"88","50",2
"89","500",2
"90","53",2
"91","582",1
"92","6",4
"93","6.",1
"94","60",1
"95","600",3
"96","6000",1
"97","65",1
"98","650",1
"99","7",7
"100","7.",1
"101","70",3
"102","700",3
"103","73",2
"104","76",2
"105","8",4
"106","8.",1
"107","80",1
"108","800",1
"109","83",1
"110","8303",1
"111","9",8
"112","9.",1
"113","9000",1
"114","950",1
"115","9500",1
"116","爱心",1
"117","安",9
"118","安徽",1
"119","安徽省",4
"120","安家",1
"121","安居",3
"122","安排",2
"123","安心",1
"124","按",9
"125","按规定",2
"126","按揭",1
"127","按照",7
"128","案件",2
"129","案例",1
"130","昂扬",1
"131","熬制",1
"132","八",1
"133","把",8
"134","把握",3
"135","百万",1
"136","百余名",1
"137","班",1
"138","班机",1
"139","班列",6
"140","颁布实施",1
"141","颁发",1
"142","板",1
"143","板桥",1
"144","办厂",1
"145","办法",1
"146","办好事",3
"147","办理",4
"148","办实事",5
"149","办事",1
"150","办证",1
"151","半导体",1
"152","扮演",1
"153","帮助",28
"154","包括",11
"155","保护",3
"156","保护法",2
"157","保护主义",1
"158","保税区",1
"159","保障",7
"160","报复",1
"161","报告",1
"162","报考",1
"163","报名",1
"164","报社",1
"165","报业",2
"166","抱负",2
"167","杯",1
"168","北",1
"169","北京",11
"170","北京人民大会堂",1
"171","北京日报",1
"172","北京市",2
"173","北上",1
"174","备案",1
"175","备感",1
"176","背景",2
"177","背离",1
"178","倍",1
"179","被",5
"180","本次",2
"181","本地",1
"182","本地化",1
"183","本省",1
"184","本市",4
"185","本月",1
"186","本职工作",1
"187","比较",1
"188","比例",1
"189","比如",3
"190","比照",1
"191","必将",1
"192","必然",1
"193","毕业",3
"194","毕业生",1
"195","边境",1
"196","边境贸易",1
"197","釆",1
"198","变",2
"199","变大",1
"200","变更",1
"201","变化",3
"202","变局",1
"203","便利",14
"204","便利化",3
"205","标准",7
"206","彪",1
"207","表达",1
"208","表明",3
"209","表示",35
"210","表示悲痛",1
"211","表示感谢",2
"212","表彰",2
"213","秉持",3
"214","并",45
"215","并购",1
"216","并会",1
"217","并且",2
"218","波兰",1
"219","博鳌",1
"220","博会",3
"221","博览会",7
"222","博士",1
"223","博园",1
"224","补等",1
"225","补贴",26
"226","补助",8
"227","不",10
"228","不得",1
"229","不得人心",1
"230","不断",13
"231","不断扩大",4
"232","不会",1
"233","不减",1
"234","不仅",2
"235","不能",3
"236","不如",1
"237","不少",2
"238","不舍",1
"239","不惜",1
"240","不懈努力",1
"241","不幸",1
"242","不予",1
"243","部",1
"244","部分",4
"245","部门",14
"246","部长",1
"247","才",1
"248","才能",1
"249","财税",3
"250","财务",1
"251","财政",3
"252","财政部",1
"253","财政部门",1
"254","采访",1
"255","采购",19
"256","采取",8
"257","采取措施",1
"258","采信",1
"259","蔡",1
"260","蔡衍明",2
"261","参访团",2
"262","参观",5
"263","参会",1
"264","参加",22
"265","参与",58
"266","参展",5
"267","参照",1
"268","草根",1
"269","层次",1
"270","曾培炎",1
"271","查询",2
"272","产品",18
"273","产品目录",1
"274","产品展销",1
"275","产生",1
"276","产业",41
"277","产业布局",2
"278","产业化",4
"279","产业园",4
"280","产业政策",1
"281","阐明",1
"282","阐述",1
"283","常态",1
"284","常务",2
"285","常务会议",1
"286","厂商",1
"287","场地",1
"288","场所",1
"289","场租",1
"290","畅谈",1
"291","倡议",2
"292","超出",1
"293","超过",5
"294","陈德铭",2
"295","称",2
"296","称赞",1
"297","成本",5
"298","成都",1
"299","成功",1
"300","成功经验",1
"301","成果",9
"302","成绩",1
"303","成交价",1
"304","成就",3
"305","成就展",2
"306","成立",22
"307","成千上万",1
"308","成为",11
"309","成效",4
"310","呈现",1
"311","承担",1
"312","承接",3
"313","承认",2
"314","诚意",1
"315","诚挚",4
"316","城",1
"317","城市",3
"318","城市群",1
"319","乘坐",2
"320","吃了",1
"321","池塘",1
"322","持",2
"323","持卡",1
"324","持续",16
"325","持续增长",1
"326","充分",2
"327","充分考虑",1
"328","充分肯定",4
"329","充分体现",6
"330","充满",1
"331","充满希望",1
"332","重庆市",1
"333","崇左",2
"334","崇左市",2
"335","出发点",1
"336","出口",3
"337","出让",2
"338","出台",16
"339","出席",10
"340","出现",2
"341","出行",3
"342","初创",2
"343","初创期",1
"344","除此之外",1
"345","除了",1
"346","畜牧",1
"347","传播",1
"348","传承",1
"349","传媒",1
"350","传统",1
"351","创",3
"352","创办",3
"353","创客",1
"354","创新",24
"355","创新型",2
"356","创业",64
"357","创业板",2
"358","创业精神",1
"359","创业项目",1
"360","创业园",3
"361","创意",2
"362","创造",11
"363","创造条件",3
"364","春节",8
"365","春节前夕",1
"366","慈惠宫",1
"367","慈善",1
"368","辞世",1
"369","此",3
"370","此次",3
"371","此举",1
"372","此外",3
"373","此行",1
"374","次",2
"375","从",11
"376","从事",2
"377","从无到有",2
"378","从小",1
"379","从小到大",1
"380","促",1
"381","促进",36
"382","促进派",1
"383","存在",1
"384","措施",51
"385","错过",1
"386","错失",1
"387","搭",1
"388","搭乘",4
"389","搭建",4
"390","搭上",1
"391","达",1
"392","达到",3
"393","打破",2
"394","打通",1
"395","打造",4
"396","大",16
"397","大部分",1
"398","大潮",1
"399","大地",1
"400","大海",2
"401","大会",3
"402","大家",10
"403","大力",2
"404","大力开展",1
"405","大力支持",1
"406","大量",2
"407","大陆",231
"408","大陆航空公司",1
"409","大陆同胞",4
"410","大批",1
"411","大赛",3
"412","大师",1
"413","大是大非",1
"414","大湾",1
"415","大型",3
"416","大学生",5
"417","大有可为",1
"418","大政方针",2
"419","代表",18
"420","代表处",1
"421","代表团",1
"422","带动",4
"423","带来",8
"424","带领",4
"425","待遇",18
"426","贷款",12
"427","单边主义",1
"428","单位",3
"429","担保",5
"430","担当",3
"431","担任",1
"432","但",4
"433","弹性",1
"434","当",1
"435","当成",1
"436","当地",16
"437","当局",3
"438","当年",3
"439","当前",2
"440","当天",1
"441","党代表",2
"442","导",1
"443","导师",1
"444","导致",2
"445","岛内",2
"446","岛外",1
"447","到",37
"448","到位",1
"449","到资",1
"450","德丰",1
"451","德阳",1
"452","地",15
"453","地方",11
"454","地区",8
"455","地为",1
"456","地域",3
"457","地震",1
"458","的",499
"459","的确",1
"460","的一",1
"461","得",1
"462","得到",1
"463","得益于",2
"464","灯光",1
"465","登录",2
"466","登云",1
"467","等",127
"468","等别",1
"469","等等",5
"470","等同于",1
"471","低于",2
"472","底价",1
"473","第三",1
"474","第三方",1
"475","第三届",1
"476","第一",1
"477","第一条",2
"478","滇",1
"479","典型",1
"480","电厂",1
"481","电机",1
"482","电商",6
"483","电站",1
"484","电子",2
"485","电子商务",4
"486","电子信息",1
"487","调查",1
"488","调处",1
"489","调解",1
"490","调解员",1
"491","调研",15
"492","钉钉子",1
"493","顶尖",1
"494","定期",1
"495","定位",1
"496","定心丸",1
"497","定制",1
"498","东",1
"499","东北",2
"500","东北地区",4
"501","东部",7
"502","东莞市",1
"503","东航",2
"504","东盟",2
"505","东南亚",1
"506","东亚",1
"507","董事长",4
"508","动力",4
"509","都",10
"510","都江堰",1
"511","独",1
"512","独立",1
"513","独资",2
"514","渡过难关",1
"515","对",57
"516","对此",5
"517","对接",8
"518","对经",1
"519","对来宁",1
"520","对内",1
"521","对台",9
"522","对外部",1
"523","对外开放",3
"524","对于",2
"525","兑现",1
"526","多",32
"527","多倍",1
"528","多层面",1
"529","多次",4
"530","多地",1
"531","多方面",1
"532","多个",4
"533","多家",3
"534","多名",3
"535","多年",4
"536","多万元",3
"537","多位",1
"538","多项",3
"539","多有",1
"540","多元化",1
"541","多月",1
"542","多种",1
"543","多做实事",1
"544","俄",1
"545","鄂",1
"546","而",4
"547","而且",1
"548","二",4
"549","二代",1
"550","二三十万元",1
"551","二是",1
"552","二线",1
"553","发布",11
"554","发布会",15
"555","发出",1
"556","发达",1
"557","发改委",3
"558","发挥",9
"559","发挥优势",1
"560","发挥作用",1
"561","发掘",3
"562","发来",4
"563","发现",1
"564","发行",1
"565","发言人",13
"566","发扬",2
"567","发展",168
"568","发展前景",5
"569","发展壮大",3
"570","法官",1
"571","法律法规",1
"572","法律咨询",1
"573","法人",1
"574","法治",1
"575","蕃薯藤",1
"576","反",1
"577","反避税",1
"578","反补贴",1
"579","反对",7
"580","反倾销",1
"581","反响",1
"582","反映",1
"583","反制",1
"584","返乡",5
"585","范围",8
"586","方便",1
"587","方面",83
"588","方式",7
"589","方向",5
"590","房屋",1
"591","房租",2
"592","访问",1
"593","访问团",2
"594","放宽",1
"595","非常",1
"596","非常适合",1
"597","非营利性",2
"598","非正常",1
"599","费用",2
"600","分别",4
"601","分布",2
"602","分成",1
"603","分裂",3
"604","分享",17
"605","分行",2
"606","纷纷",4
"607","奋斗",1
"608","奋斗目标",1
"609","丰硕",1
"610","丰硕成果",2
"611","风光带",1
"612","风情",1
"613","风云变幻",1
"614","峰",1
"615","峰会",22
"616","峰山",9
"617","孵化",3
"618","扶持",18
"619","扶危济困",1
"620","服务",40
"621","服务措施",1
"622","服务性",1
"623","服务业",3
"624","服务站",1
"625","服务中心",3
"626","符合",2
"627","符合规定",1
"628","符合条件",9
"629","符合要求",1
"630","福建",8
"631","福建日报",1
"632","福建省",8
"633","福祉",2
"634","福州",2
"635","福州市",2
"636","辐射",2
"637","辅导",2
"638","父母",2
"639","妇慈会",1
"640","妇代会",1
"641","负面",1
"642","负责人",12
"643","复兴",7
"644","赴",3
"645","副",3
"646","副会长",2
"647","副理事长",3
"648","富士康",5
"649","赋予",1
"650","覆盖",1
"651","该",3
"652","该省",2
"653","该团",1
"654","该项",1
"655","改变",1
"656","改革",5
"657","改革开放",3
"658","改进",1
"659","改善",1
"660","改为",1
"661","改造",1
"662","概括",1
"663","甘肃",1
"664","敢为人先",2
"665","感",10
"666","感到",2
"667","感慨",1
"668","感情",1
"669","感人",1
"670","感受",7
"671","干",1
"672","赣台",1
"673","刚才",1
"674","钢铁",1
"675","岗",1
"676","岗位",12
"677","岗位补贴",1
"678","港澳",2
"679","港口",1
"680","高",2
"681","高秉涵",1
"682","高层",1
"683","高层次",2
"684","高地",1
"685","高等学校",2
"686","高度",1
"687","高度肯定",3
"688","高度重视",8
"689","高端",6
"690","高风险",1
"691","高金素梅",1
"692","高科技",1
"693","高起点",1
"694","高水平",1
"695","高速公路",3
"696","高铁",1
"697","高效",1
"698","高校",11
"699","高新技术",15
"700","高兴",1
"701","高质量",1
"702","搞好",1
"703","割舍",2
"704","隔绝",1
"705","个",29
"706","个人",1
"707","个人所得税法",2
"708","个省",1
"709","个体",2
"710","各",7
"711","各地",18
"712","各方",1
"713","各个领域",1
"714","各级",7
"715","各级党委",1
"716","各界",6
"717","各界人士",1
"718","各类",16
"719","各位",6
"720","各位朋友",1
"721","各项",5
"722","各项措施",3
"723","各项政策",1
"724","各种",2
"725","各自",1
"726","给",4
"727","给予",20
"728","根本利益",1
"729","根据",3
"730","跟进",1
"731","更",44
"732","更大",10
"733","更多地",1
"734","更好",16
"735","更加",14
"736","更快",1
"737","更是",1
"738","更为",2
"739","工厂",1
"740","工程",4
"741","工商",5
"742","工商户",1
"743","工商界",5
"744","工学院",1
"745","工业",5
"746","工业用地",2
"747","工作",32
"748","工作室",2
"749","公布",1
"750","公告",1
"751","公共",3
"752","公共服务",2
"753","公积金",1
"754","公平",5
"755","公司",4
"756","公益",1
"757","公益事业",1
"758","公用",2
"759","公寓",1
"760","功不可没",1
"761","功能",1
"762","攻坚",3
"763","供",1
"764","供给",1
"765","供应",1
"766","供应链",2
"767","共",11
"768","共存",1
"769","共担",1
"770","共计",2
"771","共识",10
"772","共通",1
"773","共同",17
"774","共同利益",1
"775","共同市场",1
"776","共同体",2
"777","共推",1
"778","共享",5
"779","共赢",2
"780","共圆",2
"781","贡献",11
"782","贡献力量",1
"783","沟通",1
"784","构想",1
"785","购",2
"786","购房",3
"787","购买",3
"788","购票",1
"789","购置",3
"790","辜负",1
"791","古",2
"792","股权",3
"793","骨肉",1
"794","鼓励",31
"795","鼓励类",1
"796","故事",2
"797","顾问",1
"798","挂钩",1
"799","挂牌",3
"800","关爱",1
"801","关怀",6
"802","关切",2
"803","关心",5
"804","关于",15
"805","关注",2
"806","观众",1
"807","冠捷",1
"808","馆",1
"809","管理",4
"810","贯彻",1
"811","贯彻落实",4
"812","光",3
"813","光明",2
"814","光荣",1
"815","广",1
"816","广大",74
"817","广电",1
"818","广东",5
"819","广东省",6
"820","广东省政府",1
"821","广泛",7
"822","广河",2
"823","广河县",4
"824","广阔",13
"825","广阔天地",1
"826","广袤",1
"827","广西",12
"828","广西南宁",1
"829","广西壮族自治区",1
"830","广州",4
"831","广州市",1
"832","规定",6
"833","规范",1
"834","规划",5
"835","规模",1
"836","硅谷",1
"837","轨道交通",3
"838","贵",3
"839","贵州",3
"840","贵州省",2
"841","国际",10
"842","国际局势",1
"843","国际性",1
"844","国家",18
"845","国家级",1
"846","国家旅游局",2
"847","国民党",2
"848","国企",3
"849","国台办",23
"850","国务院",6
"851","国务院台办",24
"852","国务院台湾事务办公室",1
"853","国有",1
"854","国有企业",3
"855","国有资本",1
"856","果实",1
"857","过",1
"858","过程",3
"859","过度",1
"860","过节",4
"861","过年",5
"862","过去",3
"863","还",10
"864","还是",2
"865","还有",4
"866","海关",1
"867","海基会",1
"868","海南",2
"869","海涛",1
"870","海外",5
"871","海峡",2
"872","海峡两岸",15
"873","海峡两岸关系协会",2
"874","海协会",2
"875","海洋",1
"876","涵盖",5
"877","杭州",4
"878","航",1
"879","航班",1
"880","航空公司",2
"881","航线",1
"882","毫不相干",1
"883","好",10
"884","好处",2
"885","好评",1
"886","喝",1
"887","合法",2
"888","合法权益",4
"889","合肥",1
"890","合肥市",4
"891","合计",2
"892","合理化",1
"893","合同",1
"894","合资",1
"895","合作",105
"896","合作金库",1
"897","合作项目",1
"898","和",230
"899","和平",24
"900","和平统一",4
"901","和物",1
"902","河北",1
"903","河南",3
"904","核心思想",1
"905","贺信",9
"906","黑龙江省",1
"907","很",1
"908","很多",3
"909","横跨",1
"910","弘扬",2
"911","红",1
"912","红利",6
"913","红旗",1
"914","红旗手",2
"915","宏伟蓝图",1
"916","鸿海",1
"917","后",5
"918","后顾之忧",1
"919","湖北",1
"920","湖北省",1
"921","互动",1
"922","互利",3
"923","互联互通",1
"924","互联网",4
"925","互认",1
"926","户籍",2
"927","沪",3
"928","花莲",1
"929","花莲县",1
"930","华工",1
"931","华佳彩",1
"932","华南",1
"933","化",2
"934","话",1
"935","话题",1
"936","淮",3
"937","淮安",6
"938","淮安市",1
"939","淮河",2
"940","淮台",4
"941","淮扬菜",1
"942","淮阴",2
"943","环保",4
"944","环节",1
"945","环境",17
"946","缓解",1
"947","换人",1
"948","焕然一新",1
"949","欢度",1
"950","欢迎",9
"951","黄金搭档",1
"952","回答",1
"953","回顾",5
"954","回归",2
"955","回家",2
"956","回馈",1
"957","回应",5
"958","汇报",1
"959","汇集",1
"960","汇聚",1
"961","会",11
"962","会场",1
"963","会计",1
"964","会见",18
"965","会上",1
"966","会同",4
"967","会员",6
"968","会长",5
"969","恵",1
"970","惠及",5
"971","混合",2
"972","活动",11
"973","活跃",1
"974","或",7
"975","货物",2
"976","获",1
"977","获得",32
"978","获奖",2
"979","获奖作品",1
"980","获益者",2
"981","机",2
"982","机场",1
"983","机动车",1
"984","机构",16
"985","机会",5
"986","机器",1
"987","机械",1
"988","机械工业",1
"989","机与",1
"990","机遇",25
"991","机制",3
"992","迹象",1
"993","积极",30
"994","积极参与",3
"995","积极进取",1
"996","积极支持",7
"997","基本",2
"998","基本方针",1
"999","基本相同",1
"1000","基本一致",1
"1001","基层",8
"1002","基础",4
"1003","基础设施",10
"1004","基地",16
"1005","基金",7
"1006","基金会",2
"1007","基金项目",1
"1008","稽征",1
"1009","激励",1
"1010","及",16
"1011","及其",3
"1012","及时",1
"1013","急需",2
"1014","集辰",1
"1015","集成电路",1
"1016","集聚",6
"1017","集体",1
"1018","集团",14
"1019","集约",1
"1020","集中",2
"1021","籍",4
"1022","几天",1
"1023","计划",26
"1024","记录",1
"1025","记者",19
"1026","技改",1
"1027","技术",4
"1028","技术创新",1
"1029","技术改造",3
"1030","技术含量",1
"1031","技术人员",2
"1032","技术升级",2
"1033","既",1
"1034","既有",1
"1035","继续",23
"1036","寄语",1
"1037","暨",1
"1038","加班",3
"1039","加大",4
"1040","加工",2
"1041","加工区",1
"1042","加计",2
"1043","加紧",2
"1044","加快",11
"1045","加强",13
"1046","加入",1
"1047","加速",1
"1048","家",21
"1049","家属",1
"1050","家台",3
"1051","家庭",3
"1052","家园",1
"1053","嘉",1
"1054","嘉宾",2
"1055","价格",1
"1056","驾驶证",1
"1057","坚持",8
"1058","坚定",7
"1059","坚定不移",1
"1060","坚定信心",3
"1061","坚决",3
"1062","间",1
"1063","兼",1
"1064","监督员",1
"1065","监管",1
"1066","减按",1
"1067","减负",1
"1068","减免",2
"1069","减免税",1
"1070","减少",3
"1071","减收",1
"1072","检测",2
"1073","检察",2
"1074","检验",2
"1075","检疫",2
"1076","简报",1
"1077","简称",1
"1078","简化",2
"1079","简体字",1
"1080","见了面",1
"1081","见习",4
"1082","见证",2
"1083","见证者",1
"1084","建成",1
"1085","建立",6
"1086","建设",51
"1087","建议",2
"1088","建筑",2
"1089","健康",3
"1090","健全",1
"1091","践行",1
"1092","江丙坤",4
"1093","江苏",7
"1094","江苏省",6
"1095","江素惠",1
"1096","江西",4
"1097","江西省",2
"1098","将",58
"1099","讲话",12
"1100","讲述",1
"1101","奖",2
"1102","奖金",1
"1103","奖励",8
"1104","奖项",1
"1105","奖学金",1
"1106","奖章",1
"1107","奖助学金",1
"1108","奖状",1
"1109","降低",5
"1110","降低生产",1
"1111","交流",56
"1112","交流活动",3
"1113","交融",1
"1114","交通",6
"1115","交通工具",1
"1116","交通卡",1
"1117","交往",3
"1118","交易",1
"1119","交易中心",1
"1120","角色",2
"1121","矫正",1
"1122","较",2
"1123","较往年",1
"1124","教师",3
"1125","教学",1
"1126","教育",4
"1127","阶段",1
"1128","接触",1
"1129","接待",1
"1130","接单",1
"1131","接过",1
"1132","接近",1
"1133","接受",2
"1134","接下来",1
"1135","结",6
"1136","结出",1
"1137","结构性",1
"1138","结果",1
"1139","结合",3
"1140","截至",2
"1141","解读",2
"1142","解决",11
"1143","解决办法",1
"1144","解难",2
"1145","介绍",7
"1146","界限",1
"1147","借力",1
"1148","借助",3
"1149","今后",3
"1150","今年",11
"1151","今年初",1
"1152","今年年初",1
"1153","今天",3
"1154","金",1
"1155","金额",2
"1156","金陵",2
"1157","金融",11
"1158","金融服务",4
"1159","金融机构",5
"1160","金融业",1
"1161","津",5
"1162","仅",1
"1163","尽",2
"1164","尽管",1
"1165","紧密",3
"1166","紧张",1
"1167","近",8
"1168","近百名",1
"1169","近百人",1
"1170","近半年",1
"1171","近两年来",2
"1172","近年来",2
"1173","近期",1
"1174","近日",1
"1175","近水楼台先得月",1
"1176","近些年",1
"1177","进",3
"1178","进步",1
"1179","进程",8
"1180","进出口银行",2
"1181","进而",1
"1182","进口",5
"1183","进口商品",1
"1184","进取",1
"1185","进入",5
"1186","进行",11
"1187","进一步",18
"1188","京",2
"1189","京东",1
"1190","京津冀",1
"1191","京台",1
"1192","经",1
"1193","经常性",1
"1194","经过",1
"1195","经济",50
"1196","经济带",2
"1197","经济社会",13
"1198","经历",1
"1199","经贸",7
"1200","经贸合作",3
"1201","经商",1
"1202","经受",1
"1203","经纬",1
"1204","经验",1
"1205","经验丰富",1
"1206","经营",18
"1207","经营范围",1
"1208","经营方式",3
"1209","经营项目",2
"1210","精彩",1
"1211","精密机械",1
"1212","精神",6
"1213","精神家园",1
"1214","精神面貌",1
"1215","精心设计",1
"1216","精致",1
"1217","警惕",1
"1218","竞争力",2
"1219","境外",3
"1220","静",1
"1221","九二",10
"1222","救援",1
"1223","救灾",1
"1224","就",10
"1225","就读",4
"1226","就是",4
"1227","就学",1
"1228","就业",52
"1229","就业网",1
"1230","就业证",2
"1231","就医",2
"1232","居民",15
"1233","居住",5
"1234","居住证",2
"1235","举办",11
"1236","举措",7
"1237","举行",3
"1238","巨大",3
"1239","巨人",1
"1240","拒绝",1
"1241","具备",1
"1242","具体",2
"1243","具体安排",1
"1244","具体办法",1
"1245","具体措施",2
"1246","具有",2
"1247","据",6
"1248","据统计",1
"1249","聚集",1
"1250","聚集地",1
"1251","聚集区",1
"1252","聚焦",1
"1253","聚力",1
"1254","捐款",2
"1255","捐款捐物",2
"1256","捐赠",1
"1257","捐助",3
"1258","决定",1
"1259","决心",1
"1260","崛起",1
"1261","均",1
"1262","开办",1
"1263","开创",1
"1264","开发",2
"1265","开放",16
"1266","开工",1
"1267","开幕式",1
"1268","开辟",2
"1269","开启",1
"1270","开始",1
"1271","开拓",4
"1272","开拓市场",1
"1273","开展",9
"1274","开展业务",1
"1275","看",1
"1276","看到",2
"1277","看好",3
"1278","慷慨解囊",1
"1279","考察",11
"1280","考虑",1
"1281","考取",1
"1282","考验",1
"1283","靠",3
"1284","科技",13
"1285","科技部",1
"1286","科技成果",2
"1287","科技型",3
"1288","科技园",2
"1289","科教",1
"1290","科学技术",2
"1291","科研",1
"1292","科研机构",2
"1293","科研人员",2
"1294","可",31
"1295","可能",1
"1296","可喜",1
"1297","可享",2
"1298","可向",1
"1299","可以",14
"1300","克服困难",1
"1301","客家",1
"1302","肯定",2
"1303","空间",17
"1304","恐吓",1
"1305","口岸",3
"1306","扣除",2
"1307","跨境",3
"1308","跨越",1
"1309","快车",5
"1310","快捷",1
"1311","快速",2
"1312","快速路",1
"1313","宽松",1
"1314","款台",1
"1315","款项",2
"1316","狂风骤雨",1
"1317","昆",2
"1318","昆山",12
"1319","昆山市",4
"1320","崐",1
"1321","困难",1
"1322","扩产",2
"1323","扩大",16
"1324","扩大开放",2
"1325","腊八粥",1
"1326","腊月初",1
"1327","来",28
"1328","来到",3
"1329","来桂",1
"1330","来看",1
"1331","来昆",1
"1332","来宁",1
"1333","来宁的",1
"1334","来说",1
"1335","来苏",1
"1336","来穗",1
"1337","来自",1
"1338","兰",1
"1339","郎",1
"1340","郎静山",1
"1341","劳动模范",3
"1342","劳务",3
"1343","劳资纠纷",1
"1344","老",1
"1345","老兵",1
"1346","老年",1
"1347","老人",1
"1348","老师",1
"1349","老一辈",1
"1350","了",112
"1351","了解",11
"1352","了吗",1
"1353","类",1
"1354","类别",1
"1355","类型",1
"1356","累计",5
"1357","里",1
"1358","理解",1
"1359","理念",5
"1360","理事长",6
"1361","理由",1
"1362","力度",4
"1363","力求",1
"1364","历程",4
"1365","历史",3
"1366","立场",1
"1367","立场坚定",1
"1368","利好",3
"1369","利益",4
"1370","利用",9
"1371","利用外资",1
"1372","例如",6
"1373","例行",15
"1374","李寒芳",2
"1375","李政宏",1
"1376","连接线",1
"1377","连续",3
"1378","莲雾",1
"1379","联合",4
"1380","联合推出",1
"1381","联接",1
"1382","联络员",1
"1383","联盟",1
"1384","联网",1
"1385","联系",2
"1386","联芯",1
"1387","联谊",3
"1388","联谊会",15
"1389","脸",1
"1390","良好",7
"1391","良好条件",1
"1392","良机",1
"1393","两",3
"1394","两岸",150
"1395","两岸关系",24
"1396","两地",5
"1397","两个",1
"1398","两会",1
"1399","两家",1
"1400","两件",1
"1401","辆",1
"1402","量身",1
"1403","疗养",1
"1404","列入",1
"1405","列为",1
"1406","领导",1
"1407","领取",1
"1408","领域",25
"1409","另据",1
"1410","另外",2
"1411","刘",6
"1412","刘欢",3
"1413","刘结",16
"1414","流程",1
"1415","留在",4
"1416","六",1
"1417","六丰",1
"1418","龙",1
"1419","龙头企业",6
"1420","笼罩",1
"1421","隆重举行",1
"1422","鲁台",1
"1423","绿卡",1
"1424","绿色",7
"1425","绿色通道",2
"1426","路",2
"1427","旅客",1
"1428","旅行",1
"1429","旅游",6
"1430","律师",2
"1431","论坛",4
"1432","落地",2
"1433","落户",4
"1434","落脚点",1
"1435","落幕",1
"1436","落实",8
"1437","落实工作",1
"1438","妈祖",3
"1439","马",3
"1440","马晓光",8
"1441","迈上",1
"1442","满",1
"1443","满足",1
"1444","贸易",3
"1445","贸易额",2
"1446","贸易战",1
"1447","没有",2
"1448","媒体",6
"1449","湄洲",1
"1450","每年",4
"1451","每人",1
"1452","每月",2
"1453","美好前景",1
"1454","美好未来",1
"1455","美丽",4
"1456","门槛",2
"1457","们",6
"1458","蒙",1
"1459","梦",3
"1460","梦想",1
"1461","觅得",1
"1462","密切",3
"1463","绵阳",1
"1464","免费",3
"1465","免租",2
"1466","面",4
"1467","面板",1
"1468","面临",1
"1469","面试",1
"1470","面向",4
"1471","描绘",1
"1472","民航",3
"1473","民间",4
"1474","民进党",2
"1475","民生",2
"1476","民意代表",1
"1477","民营",1
"1478","民营企业",3
"1479","民众",8
"1480","民族大义",1
"1481","民族团结",1
"1482","闽",2
"1483","闽台",2
"1484","名",5
"1485","名城",1
"1486","名单",1
"1487","名额",1
"1488","名片",1
"1489","名品",1
"1490","明",1
"1491","明年",2
"1492","明确",12
"1493","明确规定",7
"1494","命名",1
"1495","命运",2
"1496","模式",3
"1497","目的地",1
"1498","目前",5
"1499","拿到",2
"1500","哪些",3
"1501","那些",1
"1502","纳入",3
"1503","纳税人",1
"1504","乃至",1
"1505","奶牛",1
"1506","南京",4
"1507","南京市",1
"1508","南宁",2
"1509","南宁市",2
"1510","南沙",1
"1511","南亚",1
"1512","难得",1
"1513","难题",1
"1514","内",2
"1515","内地",1
"1516","内河",1
"1517","内蒙古自治区",1
"1518","内容",4
"1519","内销",6
"1520","内需",4
"1521","能",3
"1522","能够",3
"1523","能力",2
"1524","能量",1
"1525","能源",2
"1526","逆势上涨",1
"1527","年",22
"1528","年底",2
"1529","年度",1
"1530","年会",4
"1531","年货",1
"1532","年间",1
"1533","年来",3
"1534","年期",1
"1535","年前",1
"1536","年薪",2
"1537","娘家",1
"1538","宁",2
"1539","宁波",4
"1540","宁可",1
"1541","凝聚",1
"1542","凝心",1
"1543","牛",1
"1544","农",3
"1545","农产品",1
"1546","农场",1
"1547","农机",4
"1548","农历",1
"1549","农林",1
"1550","农民",4
"1551","农业",15
"1552","努力",14
"1553","女士",1
"1554","女同胞",1
"1555","欧晋德",1
"1556","欧洲",5
"1557","排头兵",1
"1558","排忧解难",2
"1559","培训",3
"1560","培养",2
"1561","培育",2
"1562","配合",1
"1563","配套",2
"1564","配套措施",1
"1565","朋友",18
"1566","蓬勃发展",1
"1567","批复",1
"1568","批准",4
"1569","片区",1
"1570","票",2
"1571","拼搏",1
"1572","品牌",1
"1573","品质",1
"1574","聘任",1
"1575","平方米",1
"1576","平米",2
"1577","平台",19
"1578","评比",2
"1579","评定",1
"1580","评审",1
"1581","评选",1
"1582","评选活动",1
"1583","凭",1
"1584","凭祥",2
"1585","破坏",1
"1586","普遍",6
"1587","普遍认为",1
"1588","普惠性",1
"1589","普通高中",1
"1590","谱写",1
"1591","七",1
"1592","期待",2
"1593","期间",11
"1594","期望",1
"1595","其",4
"1596","其他",2
"1597","其中",10
"1598","萁",1
"1599","旗帜鲜明",2
"1600","企",10
"1601","企办",1
"1602","企等",1
"1603","企对",1
"1604","企及",1
"1605","企可",1
"1606","企联",40
"1607","企联及",1
"1608","企联要",3
"1609","企联以",1
"1610","企事业",1
"1611","企是",1
"1612","企为",2
"1613","企向",1
"1614","企业",332
"1615","企业家",21
"1616","企业界",2
"1617","企在",15
"1618","企在厦",1
"1619","启动",3
"1620","启动资金",1
"1621","启用",1
"1622","起",2
"1623","起草",1
"1624","起点",1
"1625","起来",1
"1626","气",1
"1627","汽车",1
"1628","契合",1
"1629","恰逢",1
"1630","洽签",1
"1631","洽商",1
"1632","千",7
"1633","千方百计",1
"1634","千家",1
"1635","千家万户",1
"1636","千万",1
"1637","牵",1
"1638","牵头",1
"1639","前",7
"1640","前不久",1
"1641","前景",3
"1642","前来",3
"1643","前列",1
"1644","前期",1
"1645","前所未有",1
"1646","前途",1
"1647","前往",1
"1648","前些天",1
"1649","前沿",1
"1650","强",3
"1651","强大",1
"1652","强调",1
"1653","强化",1
"1654","强劲",2
"1655","强烈",2
"1656","抢抓",2
"1657","侨胞",1
"1658","桥梁",4
"1659","且",3
"1660","切身",1
"1661","切身利益",2
"1662","切实",9
"1663","亲历者",1
"1664","亲切",2
"1665","亲情",1
"1666","亲人",1
"1667","亲身经历",1
"1668","青",7
"1669","青创",1
"1670","青创杯",1
"1671","青创园",1
"1672","青来",1
"1673","青年",63
"1674","青年教师",1
"1675","青少年",1
"1676","清单",2
"1677","清福",1
"1678","情况",17
"1679","情深意切",1
"1680","请",3
"1681","请问",5
"1682","庆祝",1
"1683","庆祝大会",10
"1684","区",16
"1685","区内",1
"1686","区域",2
"1687","驱动",1
"1688","趋势",1
"1689","趋于",1
"1690","渠道",2
"1691","取",2
"1692","取得",13
"1693","取得实效",2
"1694","取向",1
"1695","取之于",1
"1696","去年",7
"1697","全",1
"1698","全额",1
"1699","全国",49
"1700","全国人大常委会",1
"1701","全国政协",6
"1702","全力",1
"1703","全面",5
"1704","全年",2
"1705","全球",3
"1706","全省",5
"1707","全体",3
"1708","全心全意",1
"1709","权益",3
"1710","却",1
"1711","确定",3
"1712","群策群力",1
"1713","群体",2
"1714","燃煤",1
"1715","让",14
"1716","热",1
"1717","热点问题",1
"1718","热烈",1
"1719","热烈欢迎",1
"1720","热烈祝贺",3
"1721","热门",2
"1722","热土",4
"1723","热心",4
"1724","人",12
"1725","人才",22
"1726","人才交流",1
"1727","人道",1
"1728","人工智能",1
"1729","人民",2
"1730","人民币",7
"1731","人民陪审员",1
"1732","人民银行",1
"1733","人身攻击",1
"1734","人士",2
"1735","人事",1
"1736","人数",3
"1737","人员",4
"1738","人质",1
"1739","认定",10
"1740","认可",1
"1741","认清",1
"1742","认为",2
"1743","认真",1
"1744","认真贯彻",1
"1745","认真落实",1
"1746","认证",1
"1747","任何",1
"1748","任职",1
"1749","仍",1
"1750","日",46
"1751","日电",6
"1752","日起",1
"1753","日前",2
"1754","日益",1
"1755","日至",4
"1756","荣誉",3
"1757","荣誉称号",7
"1758","容量",1
"1759","容易",1
"1760","蓉",1
"1761","融合",13
"1762","融入",4
"1763","融资",11
"1764","融资难",4
"1765","肉牛",1
"1766","如",2
"1767","如今",1
"1768","儒学",2
"1769","入选",8
"1770","入学",2
"1771","入住",1
"1772","入驻",11
"1773","软",1
"1774","软件",1
"1775","若",1
"1776","若干",11
"1777","三",5
"1778","三八",3
"1779","三八红旗手",1
"1780","三板",1
"1781","三创",1
"1782","三代",1
"1783","三个",1
"1784","三季度",1
"1785","三件",1
"1786","三千个",1
"1787","三三会",1
"1788","三十多年",1
"1789","三是",2
"1790","三所",1
"1791","三通",1
"1792","厦",1
"1793","厦航",2
"1794","厦门",9
"1795","厦门大学",1
"1796","筛选",1
"1797","山",1
"1798","山东",7
"1799","山东省",3
"1800","陕西",1
"1801","善加",1
"1802","善尽",1
"1803","善意",1
"1804","商定",1
"1805","商机",9
"1806","商品",1
"1807","商品销售",3
"1808","商务部",3
"1809","商学院",8
"1810","商业",1
"1811","商业银行",1
"1812","上",24
"1813","上个月",2
"1814","上海",10
"1815","上海市",2
"1816","上门",1
"1817","上市",5
"1818","上午",1
"1819","上旬",1
"1820","设备",3
"1821","设计",4
"1822","设立",32
"1823","设施",1
"1824","设在",1
"1825","设置",2
"1826","设置障碍",1
"1827","社保",1
"1828","社会",12
"1829","社会保险",1
"1830","社会各界",1
"1831","社科",2
"1832","社情民意",1
"1833","社区",4
"1834","社团",3
"1835","涉",2
"1836","涉及",6
"1837","摄影",3
"1838","申办",1
"1839","申报",11
"1840","申领",3
"1841","申请",8
"1842","身体健康",1
"1843","深度",2
"1844","深化",13
"1845","深化改革",1
"1846","深刻",4
"1847","深切",2
"1848","深情",6
"1849","深入",5
"1850","深入开展",1
"1851","深深",1
"1852","深受",1
"1853","深圳",1
"1854","深圳市",1
"1855","甚至",1
"1856","神像",1
"1857","审核",2
"1858","审批",4
"1859","审议",1
"1860","升级",22
"1861","生产",9
"1862","生动",1
"1863","生活",22
"1864","生活馆",1
"1865","生就",1
"1866","生来",1
"1867","生态",1
"1868","生意",1
"1869","生猪",1
"1870","省",5
"1871","省份",1
"1872","省级",3
"1873","省内",3
"1874","省区市",5
"1875","省市",8
"1876","省委",1
"1877","省政府",1
"1878","盛况",1
"1879","师范学院",1
"1880","师生",5
"1881","诗篇",1
"1882","施展才华",4
"1883","十大",1
"1884","十分",2
"1885","十九",1
"1886","十年",1
"1887","十三",2
"1888","十一项",1
"1889","十周年",7
"1890","石化",1
"1891","时",6
"1892","时代",2
"1893","时刻",1
"1894","时说",1
"1895","时向",1
"1896","实际",6
"1897","实际行动",1
"1898","实践",1
"1899","实践者",1
"1900","实施",13
"1901","实施细则",2
"1902","实实在在",4
"1903","实事",1
"1904","实体",1
"1905","实习",19
"1906","实现",24
"1907","实效",1
"1908","实行",1
"1909","食材",1
"1910","食品",2
"1911","使",3
"1912","使命感",1
"1913","使用",3
"1914","始终",3
"1915","市",1
"1916","市场",25
"1917","市场潜力",1
"1918","市级",1
"1919","市民",4
"1920","市县",1
"1921","市长",1
"1922","市政",2
"1923","示范",4
"1924","示范点",8
"1925","示范区",5
"1926","事",4
"1927","事情",1
"1928","事实证明",1
"1929","事务部",1
"1930","事务所",1
"1931","事项",1
"1932","事业",2
"1933","事业单位",3
"1934","事业兴旺",1
"1935","事宜",1
"1936","势头",1
"1937","试点",2
"1938","试飞",1
"1939","试验",1
"1940","试验区",4
"1941","是",62
"1942","是否",2
"1943","适当",2
"1944","适应",1
"1945","适用",6
"1946","释放",1
"1947","收费",1
"1948","收获",1
"1949","手",1
"1950","手续",1
"1951","手足之情",1
"1952","首次",3
"1953","首家",3
"1954","首届",5
"1955","首先",2
"1956","受",1
"1957","受到",6
"1958","受聘",1
"1959","受损",2
"1960","受益",7
"1961","受灾地区",1
"1962","授牌",1
"1963","授予",1
"1964","书上",1
"1965","书写",1
"1966","舒心",1
"1967","暑期",2
"1968","数百家",1
"1969","数据",2
"1970","数量",1
"1971","数千种",1
"1972","数十个",1
"1973","数字化",1
"1974","率队",1
"1975","率领",3
"1976","率先",7
"1977","双",3
"1978","双方",4
"1979","双赢",2
"1980","水利",4
"1981","水利部",2
"1982","水利工程",1
"1983","水平",3
"1984","税收",16
"1985","税率",1
"1986","税务",1
"1987","税务总局",1
"1988","顺差",1
"1989","顺势",1
"1990","说",3
"1991","说明",4
"1992","司法",2
"1993","司局",1
"1994","思想",2
"1995","四",2
"1996","四川",2
"1997","送上",1
"1998","苏北",1
"1999","苏台",4
"2000","苏州",2
"2001","宿迁",2
"2002","诉求",2
"2003","虽然",1
"2004","随着",3
"2005","岁",1
"2006","遂致",1
"2007","损害",4
"2008","所",3
"2009","所得税",5
"2010","所见所闻",1
"2011","所谓",1
"2012","所有",1
"2013","所有制",2
"2014","所在地",4
"2015","他",7
"2016","他们",9
"2017","她",1
"2018","拓宽",2
"2019","拓展",16
"2020","台",108
"2021","台办",8
"2022","台胞",90
"2023","台胞证",3
"2024","台北",1
"2025","台北市",1
"2026","台当局",1
"2027","台独",7
"2028","台干",1
"2029","台海",1
"2030","台籍",4
"2031","台企",51
"2032","台青",1
"2033","台青创",2
"2034","台商",235
"2035","台生",5
"2036","台属",1
"2037","台湾",168
"2038","台湾当局",3
"2039","台湾地区",4
"2040","台湾同胞",95
"2041","台协",2
"2042","台协要",1
"2043","台资",216
"2044","态度",3
"2045","谈判",1
"2046","探索",1
"2047","探讨",1
"2048","特别",6
"2049","特点",3
"2050","特色",1
"2051","特殊",1
"2052","特许",6
"2053","特装",1
"2054","提出",8
"2055","提高",2
"2056","提供",56
"2057","提及",1
"2058","提升",6
"2059","提问",9
"2060","提质",1
"2061","体察",1
"2062","体会",2
"2063","体检",1
"2064","体悟",1
"2065","体现",6
"2066","替",1
"2067","天",1
"2068","天府",1
"2069","天津市",1
"2070","条",31
"2071","条件",10
"2072","条例",2
"2073","贴息",4
"2074","铁路",1
"2075","听取",4
"2076","听取意见",2
"2077","听说",1
"2078","停滞",1
"2079","通",1
"2080","通道",1
"2081","通过",14
"2082","通路",1
"2083","通往",2
"2084","通知",4
"2085","同",13
"2086","同胞",17
"2087","同比",5
"2088","同等",25
"2089","同等待遇",27
"2090","同等条件",3
"2091","同时",6
"2092","同属",1
"2093","同意",1
"2094","统",1
"2095","统计",3
"2096","统一大业",1
"2097","投身",1
"2098","投资",76
"2099","投资额",1
"2100","投资规模",1
"2101","投资区",2
"2102","投资者",2
"2103","突出",1
"2104","突破",2
"2105","图谋",1
"2106","土地",3
"2107","土地出让",2
"2108","涂鸦",1
"2109","团队",3
"2110","团结",9
"2111","团聚",1
"2112","团体",8
"2113","推出",8
"2114","推动",33
"2115","推动者",2
"2116","推广",1
"2117","推荐",2
"2118","推介",2
"2119","推进",12
"2120","推行",1
"2121","退还",1
"2122","托管",1
"2123","脱贫",3
"2124","脱颖而出",1
"2125","外商投资",2
"2126","外资",6
"2127","外资企业",2
"2128","完成",1
"2129","完全",4
"2130","完善",3
"2131","万",5
"2132","万多人次",1
"2133","万美元",2
"2134","万台",1
"2135","万余",1
"2136","万元",22
"2137","汪洋",3
"2138","王屏生",2
"2139","网",1
"2140","网络",1
"2141","网络化",1
"2142","网上",1
"2143","网站",1
"2144","往返",2
"2145","往来",3
"2146","往年",1
"2147","旺旺",4
"2148","旺中",1
"2149","危害",1
"2150","围绕",2
"2151","唯一",1
"2152","维护",9
"2153","潍坊市",1
"2154","伟大",6
"2155","委和",1
"2156","为",117
"2157","为期",1
"2158","为台",1
"2159","未来",5
"2160","慰问",8
"2161","温州市",2
"2162","文",1
"2163","文创",5
"2164","文化",14
"2165","文化产业",1
"2166","文化交流",12
"2167","文化学术",1
"2168","文件",1
"2169","文明",1
"2170","文体",1
"2171","文艺",1
"2172","文艺工作者",1
"2173","稳步增长",1
"2174","稳定",3
"2175","稳定增长",1
"2176","问",1
"2177","问候",6
"2178","问及",1
"2179","问题",15
"2180","我",8
"2181","我办",1
"2182","我谨",1
"2183","我们",44
"2184","握手",1
"2185","无",3
"2186","无端",1
"2187","无法",1
"2188","无法比拟",1
"2189","无理",1
"2190","无论是",1
"2191","无私",1
"2192","吴承恩",1
"2193","五",3
"2194","五个",2
"2195","五年",1
"2196","五四",1
"2197","五一劳动",1
"2198","五一劳动奖章",1
"2199","五周年",1
"2200","舞台",3
"2201","物流",3
"2202","物资",1
"2203","吸收",1
"2204","吸引",9
"2205","希望",22
"2206","悉心",1
"2207","习",8
"2208","习近平",15
"2209","系列",3
"2210","系统",2
"2211","系统升级",1
"2212","西部",2
"2213","西湖",1
"2214","西游记",1
"2215","辖",1
"2216","下",4
"2217","下发文件",1
"2218","下属",1
"2219","下午",2
"2220","先",1
"2221","先后",4
"2222","先进",1
"2223","先生",1
"2224","先试",2
"2225","先行",2
"2226","先行者",3
"2227","掀翻",2
"2228","鲜明",1
"2229","显示器",1
"2230","显著",3
"2231","县",1
"2232","现代",3
"2233","现代农业",2
"2234","现有",1
"2235","现在",2
"2236","现状",2
"2237","线上",1
"2238","限制",2
"2239","乡村",1
"2240","相对",1
"2241","相关",26
"2242","相继",1
"2243","相信",6
"2244","相应",4
"2245","香港",1
"2246","香江",1
"2247","详细",1
"2248","翔生",1
"2249","享",1
"2250","享尽",1
"2251","享受",45
"2252","享有",12
"2253","想",2
"2254","向",20
"2255","项",5
"2256","项目",40
"2257","项目数",1
"2258","消费者",1
"2259","消息",1
"2260","萧",1
"2261","萧万长",5
"2262","销售",3
"2263","销往",1
"2264","小",2
"2265","小额",2
"2266","小手",1
"2267","小微",1
"2268","晓",3
"2269","孝亲",1
"2270","效益",1
"2271","效应",1
"2272","校方",1
"2273","校园",1
"2274","协办",1
"2275","协调",3
"2276","协和",3
"2277","协会",9
"2278","协会会长",3
"2279","协商",1
"2280","协同",2
"2281","协议",2
"2282","协助",15
"2283","谢",1
"2284","谢谢",1
"2285","心灵",1
"2286","心路历程",1
"2287","心血",1
"2288","新",40
"2289","新春",5
"2290","新春佳节",1
"2291","新动力",1
"2292","新高",1
"2293","新华社",5
"2294","新机遇",3
"2295","新津",1
"2296","新进展",1
"2297","新举措",1
"2298","新设",2
"2299","新税法",2
"2300","新台阶",1
"2301","新闻",15
"2302","新形势下",3
"2303","新兴",1
"2304","新一代",1
"2305","新一轮",3
"2306","新增",1
"2307","信赖",1
"2308","信息产业",1
"2309","信息技术",1
"2310","信息系统",1
"2311","信心",8
"2312","信用",2
"2313","信用卡",1
"2314","信众",1
"2315","行动",2
"2316","行动计划",5
"2317","行径",1
"2318","行业",6
"2319","行业类别",1
"2320","行医",1
"2321","行政",2
"2322","形成",2
"2323","形式",1
"2324","形式多样",1
"2325","形势",1
"2326","型",1
"2327","兴业",12
"2328","幸福",1
"2329","兄弟",1
"2330","修订",3
"2331","修法",1
"2332","修正案",1
"2333","秀",1
"2334","需求",5
"2335","许多",3
"2336","许可",3
"2337","宣布",3
"2338","宣介",1
"2339","宣示",1
"2340","选择",2
"2341","学",1
"2342","学生",6
"2343","学习",9
"2344","学校",1
"2345","学院",1
"2346","血肉",1
"2347","寻求",1
"2348","寻找",3
"2349","巡游",1
"2350","循环",1
"2351","讯",1
"2352","迅速",1
"2353","压力",1
"2354","亚洲",1
"2355","严格",1
"2356","严格遵守",1
"2357","严重",3
"2358","沿海",4
"2359","沿线",2
"2360","研发",18
"2361","研究",9
"2362","研究院",1
"2363","研讨会",4
"2364","研修",1
"2365","研学",2
"2366","演讲",1
"2367","演艺",1
"2368","验放",2
"2369","养老",4
"2370","养殖",1
"2371","样板",1
"2372","邀请",3
"2373","要",6
"2374","要求",6
"2375","要素",1
"2376","也",35
"2377","业",1
"2378","业务",3
"2379","业者",3
"2380","叶惠德",1
"2381","一",24
"2382","一百年",1
"2383","一般",1
"2384","一步步",1
"2385","一次性",3
"2386","一大",2
"2387","一带",26
"2388","一道",2
"2389","一定",6
"2390","一二三",1
"2391","一赴",2
"2392","一副",1
"2393","一个",8
"2394","一贯",3
"2395","一国两制",1
"2396","一家",2
"2397","一家亲",8
"2398","一家人",3
"2399","一句",1
"2400","一路",26
"2401","一年",3
"2402","一批",7
"2403","一片",1
"2404","一起",1
"2405","一如既往",4
"2406","一视同仁",5
"2407","一是",1
"2408","一套",1
"2409","一体化",1
"2410","一条街",1
"2411","一同",1
"2412","一系列",2
"2413","一向",1
"2414","一些",16
"2415","一行",7
"2416","一样",1
"2417","一在京",1
"2418","一站式",1
"2419","一张",2
"2420","一直",3
"2421","医疗",7
"2422","医疗机构",2
"2423","医疗卫生",1
"2424","医院",1
"2425","依存度",1
"2426","依法",3
"2427","依靠",1
"2428","依然",2
"2429","依托",1
"2430","仪式",1
"2431","已",15
"2432","已将",1
"2433","已经",14
"2434","已满",1
"2435","已为",2
"2436","已有",6
"2437","已有近",2
"2438","已于",1
"2439","以",15
"2440","以点带面",1
"2441","以及",11
"2442","以来",7
"2443","以上",7
"2444","以外",1
"2445","以往",1
"2446","以下",2
"2447","义务教育",1
"2448","亿美元",5
"2449","亿元",4
"2450","艺术馆",2
"2451","意见",2
"2452","意见建议",1
"2453","意识",1
"2454","意愿",1
"2455","宜",3
"2456","因此",2
"2457","因为",1
"2458","阴霾",1
"2459","殷切期望",2
"2460","银团",2
"2461","银行",5
"2462","银行贷款",1
"2463","尹赛楠",1
"2464","引导",3
"2465","引进",5
"2466","引领",2
"2467","印发",1
"2468","印象",1
"2469","应",5
"2470","应当",1
"2471","应对",1
"2472","应聘",2
"2473","应询",7
"2474","应用",1
"2475","英才",2
"2476","英文",1
"2477","迎",1
"2478","迎来",1
"2479","营商",5
"2480","营业",1
"2481","营业执照",1
"2482","营运",1
"2483","营造",4
"2484","赢",1
"2485","赢得",1
"2486","影视",1
"2487","影视节目",1
"2488","影视剧",1
"2489","影响",5
"2490","影响力",1
"2491","硬",1
"2492","勇于",2
"2493","踊跃",1
"2494","用",5
"2495","用地",7
"2496","用电",1
"2497","用水",1
"2498","用之于",1
"2499","攸关",1
"2500","优化",8
"2501","优惠",16
"2502","优惠政策",9
"2503","优势",8
"2504","优势产业",1
"2505","优势互补",1
"2506","优先",3
"2507","优秀",2
"2508","优越",1
"2509","优质",5
"2510","忧虑",1
"2511","忧心忡忡",1
"2512","尤其",2
"2513","由",8
"2514","由于",3
"2515","由衷",1
"2516","游",1
"2517","游客",1
"2518","有",39
"2519","有关",27
"2520","有何",1
"2521","有力",1
"2522","有利",4
"2523","有利条件",1
"2524","有人",2
"2525","有限公司",5
"2526","有些",4
"2527","有益",1
"2528","有着",1
"2529","有助于",1
"2530","又",2
"2531","幼儿园",2
"2532","幼教",1
"2533","友",1
"2534","友嘉",1
"2535","友谊关",1
"2536","于",10
"2537","余",1
"2538","余人",3
"2539","俞",3
"2540","俞正声",7
"2541","渔民",2
"2542","舆论",2
"2543","与",82
"2544","与会",1
"2545","予以",10
"2546","语重心长",1
"2547","预计",1
"2548","预期",1
"2549","遇到",1
"2550","元",5
"2551","园区",6
"2552","原则",7
"2553","圆满",1
"2554","圆满成功",1
"2555","圆梦",1
"2556","援建",1
"2557","源头",1
"2558","远超",1
"2559","院团",1
"2560","愿",2
"2561","愿望",1
"2562","愿意",5
"2563","约",5
"2564","月",53
"2565","月初",2
"2566","粤",1
"2567","粤港澳",1
"2568","粤台",1
"2569","越来越",4
"2570","云南",4
"2571","云台",1
"2572","允许",1
"2573","运力",1
"2574","运输",2
"2575","运往",1
"2576","运营",1
"2577","灾区",4
"2578","再",1
"2579","再次",1
"2580","再现",1
"2581","在",266
"2582","在讲话中",1
"2583","在京举行",1
"2584","在内",2
"2585","在座",1
"2586","载体",2
"2587","赞赏",1
"2588","赞誉",1
"2589","早",1
"2590","早日",2
"2591","责任",2
"2592","责任感",2
"2593","怎么办",1
"2594","增加",4
"2595","增进",4
"2596","增强",4
"2597","增设",1
"2598","增效",1
"2599","增长",9
"2600","增值税",2
"2601","增资",2
"2602","扎根",8
"2603","债券",1
"2604","展出",1
"2605","展馆",1
"2606","展会",2
"2607","展区",2
"2608","展示",5
"2609","展示中心",1
"2610","展厅",1
"2611","展望",1
"2612","展现",6
"2613","展销会",5
"2614","战略",6
"2615","张",1
"2616","张志军",25
"2617","彰化",1
"2618","彰显",1
"2619","长",2
"2620","长傅",1
"2621","长江",3
"2622","长期",3
"2623","长期以来",2
"2624","长三角",1
"2625","长远",1
"2626","招聘",4
"2627","招聘会",1
"2628","招聘网",1
"2629","招商引资",3
"2630","召开",3
"2631","照顾",2
"2632","照护",1
"2633","照片",1
"2634","折合",1
"2635","这",12
"2636","这次",4
"2637","这方面",1
"2638","这个",3
"2639","这里",1
"2640","这列",1
"2641","这片",1
"2642","这是",3
"2643","这为",1
"2644","这些",9
"2645","这一",4
"2646","浙",2
"2647","浙江",13
"2648","浙江大学",1
"2649","浙江省",4
"2650","着",2
"2651","着力",3
"2652","着眼",2
"2653","着重",1
"2654","针对",2
"2655","针对性",2
"2656","真诚",2
"2657","真切",1
"2658","真情",1
"2659","真实",1
"2660","真正",2
"2661","诊所",1
"2662","振兴",1
"2663","争取",1
"2664","争议",1
"2665","征才",1
"2666","征收",1
"2667","征信",7
"2668","整体利益",2
"2669","整治",1
"2670","正",3
"2671","正常",1
"2672","正式",1
"2673","正有",1
"2674","正在",10
"2675","证",2
"2676","证件",1
"2677","证书",2
"2678","政策",49
"2679","政策措施",4
"2680","政策主张",1
"2681","政府",17
"2682","政务",1
"2683","政治",3
"2684","之爱",1
"2685","之大",1
"2686","之多",1
"2687","之广",1
"2688","之际",4
"2689","之景",1
"2690","之前",1
"2691","之人",1
"2692","之事",1
"2693","之一",2
"2694","支持",83
"2695","支付",2
"2696","支柱产业",1
"2697","知名人士",1
"2698","知识产权",3
"2699","执行",3
"2700","执业",2
"2701","执政",1
"2702","直接",3
"2703","直接参与",1
"2704","直通",2
"2705","直辖市",1
"2706","值",1
"2707","值机",1
"2708","职称",1
"2709","职能",1
"2710","职位",3
"2711","职业",1
"2712","职业技能",1
"2713","职业资格",2
"2714","只要",1
"2715","只有",2
"2716","旨在",1
"2717","指出",5
"2718","指导",3
"2719","指明",5
"2720","指示",1
"2721","至",3
"2722","制定",2
"2723","制度化",1
"2724","制品",1
"2725","制造",25
"2726","制造业",1
"2727","质押",1
"2728","致",1
"2729","致辞",3
"2730","致力于",3
"2731","致使",1
"2732","致信",4
"2733","致以",4
"2734","智能",7
"2735","智能化",1
"2736","置业",1
"2737","中",22
"2738","中标",1
"2739","中标者",1
"2740","中部",1
"2741","中断",1
"2742","中共",6
"2743","中共中央",3
"2744","中共中央台办",14
"2745","中关村",1
"2746","中国",24
"2747","中国国民党",3
"2748","中国台湾",1
"2749","中华",2
"2750","中华民族",11
"2751","中华文化",1
"2752","中环",1
"2753","中来",3
"2754","中旅",1
"2755","中美",1
"2756","中蒙",1
"2757","中欧",6
"2758","中时",3
"2759","中泰",1
"2760","中西部",12
"2761","中小",3
"2762","中小企业",6
"2763","中小学",1
"2764","中心",14
"2765","中新社",1
"2766","中亚",4
"2767","中央",8
"2768","中央政治局常委",5
"2769","中央组织部",1
"2770","中游",1
"2771","钟升",1
"2772","种植",1
"2773","仲裁",3
"2774","众",1
"2775","众创",1
"2776","众多",3
"2777","重大",3
"2778","重点",14
"2779","重点项目",1
"2780","重建家园",2
"2781","重量级",2
"2782","重要",15
"2783","重要讲话",3
"2784","重要性",1
"2785","重重障碍",1
"2786","重组",1
"2787","周",1
"2788","周边地区",1
"2789","周继祥",1
"2790","周年",10
"2791","诸多",2
"2792","猪",1
"2793","逐步",4
"2794","逐渐",1
"2795","逐一",1
"2796","主板",1
"2797","主办",3
"2798","主动",1
"2799","主管部门",2
"2800","主任",25
"2801","主题",2
"2802","主席",13
"2803","主要",4
"2804","主旨",1
"2805","住",1
"2806","住房",6
"2807","住宿",2
"2808","住宿服务",2
"2809","住所",1
"2810","助理",1
"2811","助力",4
"2812","助推",1
"2813","注册",4
"2814","注入",3
"2815","注意",1
"2816","祝",2
"2817","祝福",2
"2818","祝贺",5
"2819","抓住",2
"2820","抓住机遇",3
"2821","专场",1
"2822","专技",1
"2823","专家",2
"2824","专利技术",1
"2825","专门",4
"2826","专项",2
"2827","专项经费",1
"2828","专项资金",4
"2829","专业",3
"2830","专业人才",3
"2831","转",1
"2832","转化",3
"2833","转型",21
"2834","转移",9
"2835","装备",1
"2836","状态",1
"2837","追求",1
"2838","追逐",1
"2839","准考证",1
"2840","准入",4
"2841","咨询",2
"2842","资本",3
"2843","资额",1
"2844","资格",3
"2845","资格证",1
"2846","资格证书",1
"2847","资金",15
"2848","资金额",1
"2849","资信",1
"2850","资源",4
"2851","资质",1
"2852","资助",5
"2853","紫",1
"2854","紫金山",1
"2855","自",1
"2856","自己",3
"2857","自贸",5
"2858","自身",2
"2859","自有",1
"2860","自治区",3
"2861","自主",2
"2862","自助",2
"2863","子女",5
"2864","宗绪",1
"2865","宗绪惠",1
"2866","综合",3
"2867","综合奖",1
"2868","总部",8
"2869","总额",1
"2870","总结",1
"2871","总经理",2
"2872","总书记",22
"2873","总体",2
"2874","走",6
"2875","走出",1
"2876","走访",10
"2877","走过",1
"2878","走近",1
"2879","走进",1
"2880","走廊",1
"2881","走势",1
"2882","走向市场",1
"2883","租",1
"2884","租房",2
"2885","租赁",3
"2886","租让",1
"2887","阻挠",1
"2888","组成",3
"2889","组织",9
"2890","祖国",5
"2891","祖国大陆",3
"2892","祖庙",1
"2893","最",2
"2894","最大",2
"2895","最低价",1
"2896","最高",7
"2897","最好",1
"2898","最后",2
"2899","最新",1
"2900","最长",1
"2901","尊重",1
"2902","昨天",1
"2903","左右",1
"2904","作",1
"2905","作出",12
"2906","作为",5
"2907","作用",7
"2908","座谈",9
"2909","座谈会",4
"2910","做",10
"2911","做出",3
"2912","做到",1
"2913","做法",4
"2914","做好",4
"2915","做好事",2
"2916","M503",1
"2917","PPP",1
