Wanhua,,,,
Wanhua,,,,
Wanhua,,,,
Wanhua,,,,
Wanhua,,,,
Wanhua,,,,
Wanhua,,,,
Wanhua,,,,
Wanhua,,,,
Wanhua,,,,
Wanhua,,,,
Wanhua,,,,
Wanhua,,,,
Wanhua,,,,
Wanhua,,,,
Wanhua,,,,
Wanhua,,,,
Wanhua,,,,
Wanhua,,,,
Wanhua,,,,
Wanhua,,,,
Wanhua,,,,
Wanhua,,,,
Wanhua,,,,
Wanhua,,,,
Wanhua,,,,
Wanhua,,,,
Wanhua,,,,
Wanhua,,,,
Wanhua,,,,
Wanhua,,,,
Wanhua,,,,
Wanhua,,,,
Wanhua,,,,
Wanhua,,,,
Wanhua,,,,
Wanhua,,,,
Wanhua,,,,
Wanhua,,,,
Wanhua,,,,
Wanhua,,,,
Wanhua,,,,
Wanhua,,,,
Wanhua,,,,
Wanhua,,,,
Wanhua,,,,
Wanhua,,,,
Wanhua,,,,
Wanhua,,,,
Wanhua,,,,
Wanhua,,,,
Wanhua,,,,
Wanhua,,,,
Wanhua,,,,
Wanhua,,,,
Wanhua,,,,
Wanhua,,,,
Wanhua,,,,
Wanhua,,,,
Wanhua,,,,
Wanhua,,,,
Wanhua,,,,
Wanhua,,,,
Wanhua,,,,
Wanhua,,,,
Wanhua,,,,
Wanhua,,,,
Wanhua,,,,
Wanhua,,,,
Wanhua,,,,
Wanhua,,,,
Wanhua,,,,
Wanhua,,,,
Wanhua,,,,
Wanhua,,,,
Wanhua,,,,
Wanhua,,,,
Wanhua,,,,
Wanhua,,,,
Wanhua,,,,
Wanhua,,,,
Wanhua,,,,
Wanhua,,,,
Wanhua,,,,
Wanhua,,,,
Wanhua,,,,
tea_house,,,,
tea_house,,,,
tea_house,,,,
tea_house,,,,
tea_house,,,,
tea_house,,,,
tea_house,,,,
tea_house,,,,
tea_house,,,,
tea_house,,,,
tea_house,,,,
tea_house,,,,
tea_house,,,,
tea_house,,,,
tea_house,,,,
tea_house,,,,
tea_house,,,,
tea_house,,,,
tea_house,,,,
tea_house,,,,
tea_house,,,,
tea_house,,,,
tea_house,,,,
tea_house,,,,
tea_house,,,,
tea_house,,,,
tea_house,,,,
tea_house,,,,
tea_house,,,,
tea_house,,,,
tea_house,,,,
tea_house,,,,
tea_house,,,,
tea_house,,,,
tea_house,,,,
tea_house,,,,
tea_house,,,,
tea_house,,,,
tea_house,,,,
tea_house,,,,
tea_house,,,,
tea_house,,,,
tea_house,,,,
tea_house,,,,
tea_house,,,,
tea_house,,,,
tea_house,,,,
tea_house,,,,
tea_house,,,,
tea_house,,,,
tea_house,,,,
tea_house,,,,
tea_house,,,,
tea_house,,,,
tea_house,,,,
tea_house,,,,
tea_house,,,,
tea_house,,,,
tea_house,,,,
tea_house,,,,
tea_house,,,,
tea_house,,,,
tea_house,,,,
tea_house,,,,
tea_house,,,,
tea_house,,,,
tea_house,,,,
tea_house,,,,
tea_house,,,,