選舉類型,地區,姓名
2018縣市議員選舉,宜蘭縣,孫湯玉惠
2018縣市議員選舉,新竹縣,林秉君
2018縣市議員選舉,苗栗縣,楊文昌
2018縣市議員選舉,彰化縣,陳榮妹
2018縣市議員選舉,南投縣,石慶龍
2018縣市議員選舉,屏東縣,潘坤福
2018縣市議員選舉,臺東縣,陳政宗
2018縣市議員選舉,臺東縣,林琮翰
2018縣市議員選舉,臺東縣,方賢仁
2018縣市議員選舉,臺東縣,鄭崗山
2018縣市議員選舉,臺東縣,尤忠正
2018縣市議員選舉,臺東縣,楊清順
2018縣市議員選舉,臺東縣,高美珠
2018縣市議員選舉,臺東縣,楊秋珍
2018縣市議員選舉,花蓮縣,笛布斯・顗賚
2018縣市議員選舉,花蓮縣,李正文
2018縣市議員選舉,花蓮縣,周駿宥
2018縣市議員選舉,花蓮縣,賴國祥
2018縣市議員選舉,花蓮縣,蔡依靜
2018縣市議員選舉,花蓮縣,哈尼．噶照
2018縣市議員選舉,花蓮縣,陳英妹
2018縣市議員選舉,基隆市,陳明建
2018縣市議員選舉,新竹市,林慈愛
2018縣市議員選舉,宜蘭縣,陳傑麟
2018縣市議員選舉,宜蘭縣,松王淑珍
2018縣市議員選舉,新竹縣,劉建民
2018縣市議員選舉,新竹縣,張益生
2018縣市議員選舉,苗栗縣,黃月娥
2018縣市議員選舉,南投縣,全文才
2018縣市議員選舉,南投縣,廖文賢
2018縣市議員選舉,嘉義縣,武清山
2018縣市議員選舉,屏東縣,江金妹
2018縣市議員選舉,屏東縣,陸月嬌
2018縣市議員選舉,屏東縣,何長成
2018縣市議員選舉,屏東縣,潘正義
2018縣市議員選舉,屏東縣,周陳文彬
2018縣市議員選舉,屏東縣,李紀財
2018縣市議員選舉,屏東縣,林采穎
2018縣市議員選舉,屏東縣,杜仁勇
2018縣市議員選舉,臺東縣,古志成
2018縣市議員選舉,臺東縣,張全馨嵐
2018縣市議員選舉,臺東縣,章正輝
2018縣市議員選舉,臺東縣,蔡玉玲
2018縣市議員選舉,臺東縣,黃碧妹
2018縣市議員選舉,花蓮縣,許淑銀
2018縣市議員選舉,花蓮縣,簡智隆
2018縣市議員選舉,花蓮縣,高小成
2018縣市議員選舉,連江縣,曹爾章
2018縣市議員選舉,連江縣,林惠萍
2018縣市議員選舉,連江縣,陳書建
2018縣市議員選舉,連江縣,曹以標
2018縣市議員選舉,連江縣,林明揚
2018縣市議員選舉,連江縣,陳玉發
2018縣市議員選舉,連江縣,周瑞國
2018縣市議員選舉,連江縣,王孝榛
2018縣市議員選舉,連江縣,張永江
2018縣市議員選舉,金門縣,許玉昭
2018縣市議員選舉,金門縣,李養生
2018縣市議員選舉,金門縣,楊永立
2018縣市議員選舉,金門縣,王碧珍
2018縣市議員選舉,金門縣,許建中
2018縣市議員選舉,金門縣,董森堡
2018縣市議員選舉,金門縣,洪允典
2018縣市議員選舉,金門縣,唐麗輝
2018縣市議員選舉,金門縣,歐陽儀雄
2018縣市議員選舉,金門縣,石永城
2018縣市議員選舉,金門縣,張雲德
2018縣市議員選舉,金門縣,蔡水游
2018縣市議員選舉,金門縣,李應文
2018縣市議員選舉,金門縣,陳志龍
2018縣市議員選舉,金門縣,周子傑
2018縣市議員選舉,金門縣,蔡春生
2018縣市議員選舉,金門縣,洪成發
2018縣市議員選舉,金門縣,洪鴻斌
2018縣市議員選舉,宜蘭縣,黃定和
2018縣市議員選舉,宜蘭縣,林錫明
2018縣市議員選舉,宜蘭縣,楊順木
2018縣市議員選舉,宜蘭縣,莊淑如
2018縣市議員選舉,宜蘭縣,林麗
2018縣市議員選舉,宜蘭縣,林岳賢
2018縣市議員選舉,宜蘭縣,張建榮
2018縣市議員選舉,宜蘭縣,蔡文益
2018縣市議員選舉,宜蘭縣,賴良洲
2018縣市議員選舉,宜蘭縣,李清林
2018縣市議員選舉,宜蘭縣,吳宏謀
2018縣市議員選舉,宜蘭縣,陳俊宇
2018縣市議員選舉,宜蘭縣,黃浴沂
2018縣市議員選舉,宜蘭縣,黃建勇
2018縣市議員選舉,宜蘭縣,陳福山
2018縣市議員選舉,宜蘭縣,陳鴻禧
2018縣市議員選舉,宜蘭縣,黃琤婷
2018縣市議員選舉,宜蘭縣,劉添梧
2018縣市議員選舉,宜蘭縣,陳漢鍾
2018縣市議員選舉,宜蘭縣,呂惠卿
2018縣市議員選舉,宜蘭縣,簡松樹
2018縣市議員選舉,宜蘭縣,林義剛
2018縣市議員選舉,宜蘭縣,蔡金惠
2018縣市議員選舉,宜蘭縣,楊弘旻
2018縣市議員選舉,宜蘭縣,張秋明
2018縣市議員選舉,宜蘭縣,邱素梅
2018縣市議員選舉,宜蘭縣,謝燦輝
2018縣市議員選舉,宜蘭縣,陳文昌
2018縣市議員選舉,宜蘭縣,林棋山
2018縣市議員選舉,宜蘭縣,林騰煌
2018縣市議員選舉,宜蘭縣,陳玉萍
2018縣市議員選舉,新竹縣,陳凱榮
2018縣市議員選舉,新竹縣,張珈源
2018縣市議員選舉,新竹縣,連郁婷
2018縣市議員選舉,新竹縣,蔡志環
2018縣市議員選舉,新竹縣,王炳漢
2018縣市議員選舉,新竹縣,吳旭智
2018縣市議員選舉,新竹縣,杜文中
2018縣市議員選舉,新竹縣,邱靖雅
2018縣市議員選舉,新竹縣,林禹佑
2018縣市議員選舉,新竹縣,林增堂
2018縣市議員選舉,新竹縣,鄭美琴
2018縣市議員選舉,新竹縣,吳菊花
2018縣市議員選舉,新竹縣,甄克堅
2018縣市議員選舉,新竹縣,羅美文
2018縣市議員選舉,新竹縣,陳栢維
2018縣市議員選舉,新竹縣,吳淑君
2018縣市議員選舉,新竹縣,何智達
2018縣市議員選舉,新竹縣,張鎮榮
2018縣市議員選舉,新竹縣,吳傳地
2018縣市議員選舉,新竹縣,羅仕琦
2018縣市議員選舉,新竹縣,吳發仁
2018縣市議員選舉,新竹縣,范曰富
2018縣市議員選舉,新竹縣,陳新源
2018縣市議員選舉,新竹縣,張良印
2018縣市議員選舉,新竹縣,鄭昱芸
2018縣市議員選舉,新竹縣,彭余美玲
2018縣市議員選舉,新竹縣,黃豪杰
2018縣市議員選舉,新竹縣,上官秋燕
2018縣市議員選舉,新竹縣,余筱菁
2018縣市議員選舉,新竹縣,郭遠彰
2018縣市議員選舉,新竹縣,林思銘
2018縣市議員選舉,新竹縣,邱振瑋
2018縣市議員選舉,新竹縣,陳正順
2018縣市議員選舉,苗栗縣,楊明燁
2018縣市議員選舉,苗栗縣,鄭碧玉
2018縣市議員選舉,苗栗縣,謝文禓
2018縣市議員選舉,苗栗縣,余文忠
2018縣市議員選舉,苗栗縣,張志宇
2018縣市議員選舉,苗栗縣,江村貴
2018縣市議員選舉,苗栗縣,孫素娥
2018縣市議員選舉,苗栗縣,禹耀東
2018縣市議員選舉,苗栗縣,湯維岳
2018縣市議員選舉,苗栗縣,黃芳椿
2018縣市議員選舉,苗栗縣,韓茂賢
2018縣市議員選舉,苗栗縣,羅貴星
2018縣市議員選舉,苗栗縣,徐永煌
2018縣市議員選舉,苗栗縣,張顧礫
2018縣市議員選舉,苗栗縣,張可欣
2018縣市議員選舉,苗栗縣,陳品安
2018縣市議員選舉,苗栗縣,鄭宗國
2018縣市議員選舉,苗栗縣,林寶珠
2018縣市議員選舉,苗栗縣,陳碧華
2018縣市議員選舉,苗栗縣,宋國鼎
2018縣市議員選舉,苗栗縣,李文斌
2018縣市議員選舉,苗栗縣,鄭秋風
2018縣市議員選舉,苗栗縣,廖英利
2018縣市議員選舉,苗栗縣,劉順松
2018縣市議員選舉,苗栗縣,廖秀紅
2018縣市議員選舉,苗栗縣,張佳玲
2018縣市議員選舉,苗栗縣,陳光軒
2018縣市議員選舉,苗栗縣,黎煥強
2018縣市議員選舉,苗栗縣,鄭聚然
2018縣市議員選舉,苗栗縣,張淑芬
2018縣市議員選舉,苗栗縣,曾玟學
2018縣市議員選舉,苗栗縣,鍾東錦
2018縣市議員選舉,苗栗縣,徐功凡
2018縣市議員選舉,苗栗縣,楊恭林
2018縣市議員選舉,苗栗縣,徐欽鴻
2018縣市議員選舉,彰化縣,白玉如
2018縣市議員選舉,彰化縣,許原龍
2018縣市議員選舉,彰化縣,顧黃水花
2018縣市議員選舉,彰化縣,吳韋達
2018縣市議員選舉,彰化縣,黃千宴
2018縣市議員選舉,彰化縣,洪柏葳
2018縣市議員選舉,彰化縣,莊陞漢
2018縣市議員選舉,彰化縣,温芝樺
2018縣市議員選舉,彰化縣,林茂明
2018縣市議員選舉,彰化縣,陳銌銌
2018縣市議員選舉,彰化縣,張瀚天
2018縣市議員選舉,彰化縣,李成濟
2018縣市議員選舉,彰化縣,李寶銀
2018縣市議員選舉,彰化縣,黃俊源
2018縣市議員選舉,彰化縣,楊竣程
2018縣市議員選舉,彰化縣,陳秀寳
2018縣市議員選舉,彰化縣,楊妙月
2018縣市議員選舉,彰化縣,郭燕陵
2018縣市議員選舉,彰化縣,葉國雄
2018縣市議員選舉,彰化縣,凃淑媚
2018縣市議員選舉,彰化縣,尤瑞春
2018縣市議員選舉,彰化縣,林庚壬
2018縣市議員選舉,彰化縣,柯振杯
2018縣市議員選舉,彰化縣,賴清美
2018縣市議員選舉,彰化縣,施嘉華
2018縣市議員選舉,彰化縣,林宗翰
2018縣市議員選舉,彰化縣,曹嘉豪
2018縣市議員選舉,彰化縣,張雪如
2018縣市議員選舉,彰化縣,凃俊任
2018縣市議員選舉,彰化縣,張錦昆
2018縣市議員選舉,彰化縣,劉惠娟
2018縣市議員選舉,彰化縣,黃正盛
2018縣市議員選舉,彰化縣,賴澤民
2018縣市議員選舉,彰化縣,張欣倩
2018縣市議員選舉,彰化縣,許晋揚
2018縣市議員選舉,彰化縣,洪本成
2018縣市議員選舉,彰化縣,陳玉姬
2018縣市議員選舉,彰化縣,張春洋
2018縣市議員選舉,彰化縣,陳重嘉
2018縣市議員選舉,彰化縣,鄭俊雄
2018縣市議員選舉,彰化縣,許書維
2018縣市議員選舉,彰化縣,蕭如意
2018縣市議員選舉,彰化縣,黃盛祿
2018縣市議員選舉,彰化縣,謝典霖
2018縣市議員選舉,彰化縣,江熊一楓
2018縣市議員選舉,彰化縣,李浩誠
2018縣市議員選舉,彰化縣,劉淑芳
2018縣市議員選舉,彰化縣,張國棟
2018縣市議員選舉,彰化縣,陳一惇
2018縣市議員選舉,彰化縣,謝彥慧
2018縣市議員選舉,彰化縣,蔡家豪
2018縣市議員選舉,彰化縣,吳淑娟
2018縣市議員選舉,南投縣,于秀英
2018縣市議員選舉,南投縣,張嘉哲
2018縣市議員選舉,南投縣,洪明科
2018縣市議員選舉,南投縣,蔡宗智
2018縣市議員選舉,南投縣,陳翰立
2018縣市議員選舉,南投縣,羅美玲
2018縣市議員選舉,南投縣,張維華
2018縣市議員選舉,南投縣,賴燕雪
2018縣市議員選舉,南投縣,曾振炎
2018縣市議員選舉,南投縣,莊文斌
2018縣市議員選舉,南投縣,李洲忠
2018縣市議員選舉,南投縣,蔡銘軒
2018縣市議員選舉,南投縣,莊士傑
2018縣市議員選舉,南投縣,簡賜勝
2018縣市議員選舉,南投縣,張永輝
2018縣市議員選舉,南投縣,廖梓佑
2018縣市議員選舉,南投縣,唐曉棻
2018縣市議員選舉,南投縣,簡峻庭
2018縣市議員選舉,南投縣,謝明謀
2018縣市議員選舉,南投縣,陳昭煜
2018縣市議員選舉,南投縣,蕭志全
2018縣市議員選舉,南投縣,陳淑惠
2018縣市議員選舉,南投縣,吳瑞芳
2018縣市議員選舉,南投縣,何勝豐
2018縣市議員選舉,南投縣,蔡孟娥
2018縣市議員選舉,南投縣,游顥
2018縣市議員選舉,南投縣,黃東灝
2018縣市議員選舉,南投縣,葉仁創
2018縣市議員選舉,南投縣,戴世詮
2018縣市議員選舉,南投縣,潘一全
2018縣市議員選舉,南投縣,陳宜君
2018縣市議員選舉,南投縣,王彩雲
2018縣市議員選舉,南投縣,林芳伃
2018縣市議員選舉,南投縣,黃世芳
2018縣市議員選舉,雲林縣,廖郁賢
2018縣市議員選舉,雲林縣,邱世文
2018縣市議員選舉,雲林縣,蘇于珊
2018縣市議員選舉,雲林縣,李建昇
2018縣市議員選舉,雲林縣,李建志
2018縣市議員選舉,雲林縣,林岳璋
2018縣市議員選舉,雲林縣,鍾明馨
2018縣市議員選舉,雲林縣,賴淑娞
2018縣市議員選舉,雲林縣,王又民
2018縣市議員選舉,雲林縣,江文登
2018縣市議員選舉,雲林縣,陳樹吉
2018縣市議員選舉,雲林縣,張庭綺
2018縣市議員選舉,雲林縣,蔡東富
2018縣市議員選舉,雲林縣,賴明源
2018縣市議員選舉,雲林縣,顏忠義
2018縣市議員選舉,雲林縣,王秋足
2018縣市議員選舉,雲林縣,黃凱
2018縣市議員選舉,雲林縣,黃美瑤
2018縣市議員選舉,雲林縣,王鈺齊
2018縣市議員選舉,雲林縣,蔡明水
2018縣市議員選舉,雲林縣,林文彬
2018縣市議員選舉,雲林縣,陳俊龍
2018縣市議員選舉,雲林縣,顏旭懋
2018縣市議員選舉,雲林縣,沈宗隆
2018縣市議員選舉,雲林縣,廖秋萍
2018縣市議員選舉,雲林縣,游淑雲
2018縣市議員選舉,雲林縣,梁銘忠
2018縣市議員選舉,雲林縣,廖萬
2018縣市議員選舉,雲林縣,廖偉晴
2018縣市議員選舉,雲林縣,李明哲
2018縣市議員選舉,雲林縣,林深
2018縣市議員選舉,雲林縣,林建鴻
2018縣市議員選舉,雲林縣,黃淑鈴
2018縣市議員選舉,雲林縣,吳蕙蘭
2018縣市議員選舉,雲林縣,蘇俊豪
2018縣市議員選舉,雲林縣,許志豪
2018縣市議員選舉,雲林縣,許留賓
2018縣市議員選舉,雲林縣,黃美蘭
2018縣市議員選舉,雲林縣,翁水上
2018縣市議員選舉,雲林縣,蔡岳儒
2018縣市議員選舉,雲林縣,蕭慧敏
2018縣市議員選舉,雲林縣,蔡孟真
2018縣市議員選舉,雲林縣,黃文祥
2018縣市議員選舉,嘉義縣,楊秀琴
2018縣市議員選舉,嘉義縣,黃榮俊
2018縣市議員選舉,嘉義縣,詹琬蓁
2018縣市議員選舉,嘉義縣,林緗亭
2018縣市議員選舉,嘉義縣,王啓澧
2018縣市議員選舉,嘉義縣,賴瓊如
2018縣市議員選舉,嘉義縣,戴光宗
2018縣市議員選舉,嘉義縣,陳福成
2018縣市議員選舉,嘉義縣,林于玲
2018縣市議員選舉,嘉義縣,黃芳蘭
2018縣市議員選舉,嘉義縣,林淑完
2018縣市議員選舉,嘉義縣,林秀琴
2018縣市議員選舉,嘉義縣,陳文忠
2018縣市議員選舉,嘉義縣,葉孟龍
2018縣市議員選舉,嘉義縣,吳思蓉
2018縣市議員選舉,嘉義縣,陳信文
2018縣市議員選舉,嘉義縣,劉雅文
2018縣市議員選舉,嘉義縣,許有疆
2018縣市議員選舉,嘉義縣,劉宏文
2018縣市議員選舉,嘉義縣,陳怡岳
2018縣市議員選舉,嘉義縣,蔡奇璋
2018縣市議員選舉,嘉義縣,李國勝
2018縣市議員選舉,嘉義縣,蔡鼎三
2018縣市議員選舉,嘉義縣,黃鉦凱
2018縣市議員選舉,嘉義縣,姜梅紅
2018縣市議員選舉,嘉義縣,黃嫈珺
2018縣市議員選舉,嘉義縣,黃金茂
2018縣市議員選舉,嘉義縣,蔡瑋傑
2018縣市議員選舉,嘉義縣,蔡信典
2018縣市議員選舉,嘉義縣,張明達
2018縣市議員選舉,嘉義縣,何子凡
2018縣市議員選舉,嘉義縣,王焜玄
2018縣市議員選舉,嘉義縣,陳柏麟
2018縣市議員選舉,嘉義縣,邱銀海
2018縣市議員選舉,嘉義縣,詹黃素蓮
2018縣市議員選舉,嘉義縣,羅士洋
2018縣市議員選舉,屏東縣,蔣月惠
2018縣市議員選舉,屏東縣,唐玉琴
2018縣市議員選舉,屏東縣,李世斌
2018縣市議員選舉,屏東縣,黃明賢
2018縣市議員選舉,屏東縣,曾義雄
2018縣市議員選舉,屏東縣,陳揚
2018縣市議員選舉,屏東縣,鄭清原
2018縣市議員選舉,屏東縣,方一祥
2018縣市議員選舉,屏東縣,蔣家煌
2018縣市議員選舉,屏東縣,林明順
2018縣市議員選舉,屏東縣,張平原
2018縣市議員選舉,屏東縣,何春美
2018縣市議員選舉,屏東縣,尤慶賀
2018縣市議員選舉,屏東縣,吳亮慶
2018縣市議員選舉,屏東縣,鄭雙銓
2018縣市議員選舉,屏東縣,宋麗華
2018縣市議員選舉,屏東縣,盧文瑞
2018縣市議員選舉,屏東縣,陳明達
2018縣市議員選舉,屏東縣,王景山
2018縣市議員選舉,屏東縣,潘淑眞
2018縣市議員選舉,屏東縣,黃建溢
2018縣市議員選舉,屏東縣,李世淦
2018縣市議員選舉,屏東縣,潘連周
2018縣市議員選舉,屏東縣,徐榮耀
2018縣市議員選舉,屏東縣,潘長成
2018縣市議員選舉,屏東縣,林郁虹
2018縣市議員選舉,屏東縣,陳志成
2018縣市議員選舉,屏東縣,許馨勻
2018縣市議員選舉,屏東縣,劉淼松
2018縣市議員選舉,屏東縣,方文正
2018縣市議員選舉,屏東縣,劉孟君
2018縣市議員選舉,屏東縣,何輝能
2018縣市議員選舉,屏東縣,許展維
2018縣市議員選舉,屏東縣,周典論
2018縣市議員選舉,屏東縣,鄭張常敏
2018縣市議員選舉,屏東縣,林蔡鳯梅
2018縣市議員選舉,屏東縣,李香蘭
2018縣市議員選舉,屏東縣,王啟敏
2018縣市議員選舉,屏東縣,林玉花
2018縣市議員選舉,屏東縣,周碧雲
2018縣市議員選舉,屏東縣,羅平道
2018縣市議員選舉,屏東縣,李志偉
2018縣市議員選舉,屏東縣,盧玟欣
2018縣市議員選舉,屏東縣,陳文弘
2018縣市議員選舉,屏東縣,王薇茗
2018縣市議員選舉,臺東縣,李建智
2018縣市議員選舉,臺東縣,林參天
2018縣市議員選舉,臺東縣,林威志
2018縣市議員選舉,臺東縣,吳景槐
2018縣市議員選舉,臺東縣,陳銘風
2018縣市議員選舉,臺東縣,陳志峰
2018縣市議員選舉,臺東縣,吳秀華
2018縣市議員選舉,臺東縣,周達三
2018縣市議員選舉,臺東縣,黃治維
2018縣市議員選舉,臺東縣,王文怡
2018縣市議員選舉,臺東縣,郭宗益
2018縣市議員選舉,臺東縣,許進榮
2018縣市議員選舉,臺東縣,林東滿
2018縣市議員選舉,臺東縣,陳宏宗
2018縣市議員選舉,臺東縣,黃瑞華
2018縣市議員選舉,臺東縣,翁麗吟
2018縣市議員選舉,臺東縣,李數奼
2018縣市議員選舉,花蓮縣,施金樹
2018縣市議員選舉,花蓮縣,林宗昆
2018縣市議員選舉,花蓮縣,謝國榮
2018縣市議員選舉,花蓮縣,楊華美
2018縣市議員選舉,花蓮縣,吳東昇
2018縣市議員選舉,花蓮縣,李秋旺
2018縣市議員選舉,花蓮縣,張美慧
2018縣市議員選舉,花蓮縣,蔡啟塔
2018縣市議員選舉,花蓮縣,魏嘉彥
2018縣市議員選舉,花蓮縣,邱光明
2018縣市議員選舉,花蓮縣,鄭寶秀
2018縣市議員選舉,花蓮縣,張正治
2018縣市議員選舉,花蓮縣,張峻
2018縣市議員選舉,花蓮縣,吳建志
2018縣市議員選舉,花蓮縣,黃馨
2018縣市議員選舉,花蓮縣,黃振富
2018縣市議員選舉,花蓮縣,張懷文
2018縣市議員選舉,花蓮縣,葉鯤璟
2018縣市議員選舉,花蓮縣,林源富
2018縣市議員選舉,花蓮縣,徐雪玉
2018縣市議員選舉,花蓮縣,黃玲蘭
2018縣市議員選舉,花蓮縣,潘月霞
2018縣市議員選舉,花蓮縣,王燕美
2018縣市議員選舉,澎湖縣,蘇陳綉色
2018縣市議員選舉,澎湖縣,胡松榮
2018縣市議員選舉,澎湖縣,呂光宇
2018縣市議員選舉,澎湖縣,陳海山
2018縣市議員選舉,澎湖縣,陳慧玲
2018縣市議員選舉,澎湖縣,張再興
2018縣市議員選舉,澎湖縣,陳雙全
2018縣市議員選舉,澎湖縣,藍凱元
2018縣市議員選舉,澎湖縣,劉陳昭玲
2018縣市議員選舉,澎湖縣,呂黃春金
2018縣市議員選舉,澎湖縣,歐中慨
2018縣市議員選舉,澎湖縣,陳振中
2018縣市議員選舉,澎湖縣,蔡清續
2018縣市議員選舉,澎湖縣,許育愷
2018縣市議員選舉,澎湖縣,魏長源
2018縣市議員選舉,澎湖縣,宋國進
2018縣市議員選舉,澎湖縣,李添進
2018縣市議員選舉,澎湖縣,陳佩真
2018縣市議員選舉,澎湖縣,夏晨榮
2018縣市議員選舉,基隆市,張顥瀚
2018縣市議員選舉,基隆市,張淵翔
2018縣市議員選舉,基隆市,呂美玲
2018縣市議員選舉,基隆市,藍敏煌
2018縣市議員選舉,基隆市,江鑒育
2018縣市議員選舉,基隆市,陳宜
2018縣市議員選舉,基隆市,何淑萍
2018縣市議員選舉,基隆市,韓世昱
2018縣市議員選舉,基隆市,鄭文婷
2018縣市議員選舉,基隆市,莊榮欽
2018縣市議員選舉,基隆市,童子瑋
2018縣市議員選舉,基隆市,張芳麗
2018縣市議員選舉,基隆市,張秉鈞
2018縣市議員選舉,基隆市,楊石城
2018縣市議員選舉,基隆市,莊敬聖
2018縣市議員選舉,基隆市,宋瑋莉
2018縣市議員選舉,基隆市,林沛祥
2018縣市議員選舉,基隆市,秦鉦
2018縣市議員選舉,基隆市,鄭愷玲
2018縣市議員選舉,基隆市,俞叁發
2018縣市議員選舉,基隆市,莊錦田
2018縣市議員選舉,基隆市,張之豪
2018縣市議員選舉,基隆市,陳薇仲
2018縣市議員選舉,基隆市,連恩典
2018縣市議員選舉,基隆市,王醒之
2018縣市議員選舉,基隆市,林旻勳
2018縣市議員選舉,基隆市,蔡旺璉
2018縣市議員選舉,基隆市,蘇仁和
2018縣市議員選舉,基隆市,楊秀玉
2018縣市議員選舉,基隆市,張耿輝
2018縣市議員選舉,新竹市,余邦彥
2018縣市議員選舉,新竹市,蔡惠婷
2018縣市議員選舉,新竹市,鄭美娟
2018縣市議員選舉,新竹市,曾資程
2018縣市議員選舉,新竹市,劉崇顯
2018縣市議員選舉,新竹市,李國璋
2018縣市議員選舉,新竹市,鄭正鈐
2018縣市議員選舉,新竹市,鍾淑英
2018縣市議員選舉,新竹市,黃文政
2018縣市議員選舉,新竹市,段孝芳
2018縣市議員選舉,新竹市,羅文熾
2018縣市議員選舉,新竹市,張祖琰
2018縣市議員選舉,新竹市,施乃如
2018縣市議員選舉,新竹市,徐信芳
2018縣市議員選舉,新竹市,許修睿
2018縣市議員選舉,新竹市,田雅芳
2018縣市議員選舉,新竹市,陳治雄
2018縣市議員選舉,新竹市,陳建名
2018縣市議員選舉,新竹市,顏政德
2018縣市議員選舉,新竹市,彭昆耀
2018縣市議員選舉,新竹市,蕭志潔
2018縣市議員選舉,新竹市,吳青山
2018縣市議員選舉,新竹市,孫鍚洲
2018縣市議員選舉,新竹市,劉康彥
2018縣市議員選舉,新竹市,林彥甫
2018縣市議員選舉,新竹市,李姸慧
2018縣市議員選舉,新竹市,黃美慧
2018縣市議員選舉,新竹市,鄭成光
2018縣市議員選舉,新竹市,陳慶齡
2018縣市議員選舉,新竹市,吳國寶
2018縣市議員選舉,新竹市,林耕仁
2018縣市議員選舉,新竹市,廖子齊
2018縣市議員選舉,新竹市,陳啓源
2018縣市議員選舉,嘉義市,黃露慧
2018縣市議員選舉,嘉義市,陳家平
2018縣市議員選舉,嘉義市,傅大偉
2018縣市議員選舉,嘉義市,蔡永泉
2018縣市議員選舉,嘉義市,張榮藏
2018縣市議員選舉,嘉義市,凌子楚
2018縣市議員選舉,嘉義市,張敏琪
2018縣市議員選舉,嘉義市,戴寧
2018縣市議員選舉,嘉義市,郭明賓
2018縣市議員選舉,嘉義市,黃思婷
2018縣市議員選舉,嘉義市,李忠曆
2018縣市議員選舉,嘉義市,蔡榮豐
2018縣市議員選舉,嘉義市,蘇澤峰
2018縣市議員選舉,嘉義市,張秀華
2018縣市議員選舉,嘉義市,廖天隆
2018縣市議員選舉,嘉義市,王美惠
2018縣市議員選舉,嘉義市,黃大祐
2018縣市議員選舉,嘉義市,陳姿妏
2018縣市議員選舉,嘉義市,吳上明
2018縣市議員選舉,嘉義市,莊豐安
2018縣市議員選舉,嘉義市,蔡文旭
2018縣市議員選舉,嘉義市,孫貫志
2018縣市議員選舉,嘉義市,鄭光宏
2018縣市議員選舉,臺北市,李傅中武
2018縣市議員選舉,高雄市,陳幸富
2018縣市議員選舉,高雄市,賴文德
2018縣市議員選舉,高雄市,唐惠美
2018縣市議員選舉,新北市,馬見
2018縣市議員選舉,臺中市,林榮進
2018縣市議員選舉,臺中市,朱元宏
2018縣市議員選舉,臺南市,谷暮．哈就
2018縣市議員選舉,桃園市,簡志偉
2018縣市議員選舉,桃園市,陳瑛
2018縣市議員選舉,桃園市,陳榮基
2018縣市議員選舉,臺北市,陳建銘
2018縣市議員選舉,臺北市,林瑞圖
2018縣市議員選舉,臺北市,汪志冰
2018縣市議員選舉,臺北市,侯漢廷
2018縣市議員選舉,臺北市,黃郁芬
2018縣市議員選舉,臺北市,陳政忠
2018縣市議員選舉,臺北市,潘懷宗
2018縣市議員選舉,臺北市,張斯綱
2018縣市議員選舉,臺北市,陳重文
2018縣市議員選舉,臺北市,鍾佩玲
2018縣市議員選舉,臺北市,林世宗
2018縣市議員選舉,臺北市,陳慈慧
2018縣市議員選舉,臺北市,楊靜宇
2018縣市議員選舉,臺北市,闕枚莎
2018縣市議員選舉,臺北市,陳義洲
2018縣市議員選舉,臺北市,李明賢
2018縣市議員選舉,臺北市,李建昌
2018縣市議員選舉,臺北市,黃珊珊
2018縣市議員選舉,臺北市,游淑慧
2018縣市議員選舉,臺北市,吳世正
2018縣市議員選舉,臺北市,高嘉瑜
2018縣市議員選舉,臺北市,江志銘
2018縣市議員選舉,臺北市,陳永德
2018縣市議員選舉,臺北市,洪健益
2018縣市議員選舉,臺北市,許淑華
2018縣市議員選舉,臺北市,秦慧珠
2018縣市議員選舉,臺北市,徐巧芯
2018縣市議員選舉,臺北市,邱威傑
2018縣市議員選舉,臺北市,戴錫欽
2018縣市議員選舉,臺北市,王鴻薇
2018縣市議員選舉,臺北市,許家蓓
2018縣市議員選舉,臺北市,張茂楠
2018縣市議員選舉,臺北市,梁文傑
2018縣市議員選舉,臺北市,林亮君
2018縣市議員選舉,臺北市,陳怡君
2018縣市議員選舉,臺北市,林國成
2018縣市議員選舉,臺北市,葉林傳
2018縣市議員選舉,臺北市,王浩
2018縣市議員選舉,臺北市,王世堅
2018縣市議員選舉,臺北市,陳炳甫
2018縣市議員選舉,臺北市,吳沛憶
2018縣市議員選舉,臺北市,吳志剛
2018縣市議員選舉,臺北市,應曉薇
2018縣市議員選舉,臺北市,劉耀仁
2018縣市議員選舉,臺北市,鍾小平
2018縣市議員選舉,臺北市,徐立信
2018縣市議員選舉,臺北市,周威佑
2018縣市議員選舉,臺北市,郭昭巖
2018縣市議員選舉,臺北市,阮昭雄
2018縣市議員選舉,臺北市,王欣儀
2018縣市議員選舉,臺北市,李柏毅
2018縣市議員選舉,臺北市,簡舒培
2018縣市議員選舉,臺北市,苗博雅
2018縣市議員選舉,臺北市,王閔生
2018縣市議員選舉,臺北市,李慶元
2018縣市議員選舉,臺北市,徐弘庭
2018縣市議員選舉,臺北市,羅智強
2018縣市議員選舉,臺北市,耿葳
2018縣市議員選舉,臺北市,林穎孟
2018縣市議員選舉,臺北市,鍾沛君
2018縣市議員選舉,臺北市,陳錦祥
2018縣市議員選舉,高雄市,林富寶
2018縣市議員選舉,高雄市,朱信強
2018縣市議員選舉,高雄市,林義迪
2018縣市議員選舉,高雄市,陳明澤
2018縣市議員選舉,高雄市,李亞築
2018縣市議員選舉,高雄市,黃明太
2018縣市議員選舉,高雄市,陸淑美
2018縣市議員選舉,高雄市,方信淵
2018縣市議員選舉,高雄市,黃秋媖
2018縣市議員選舉,高雄市,高閔琳
2018縣市議員選舉,高雄市,宋立彬
2018縣市議員選舉,高雄市,李雅慧
2018縣市議員選舉,高雄市,陳玫娟
2018縣市議員選舉,高雄市,陳善慧
2018縣市議員選舉,高雄市,黃文志
2018縣市議員選舉,高雄市,李眉蓁
2018縣市議員選舉,高雄市,陳麗珍
2018縣市議員選舉,高雄市,李柏毅
2018縣市議員選舉,高雄市,李雅芬
2018縣市議員選舉,高雄市,邱俊憲
2018縣市議員選舉,高雄市,江瑞鴻
2018縣市議員選舉,高雄市,張勝富
2018縣市議員選舉,高雄市,吳利成
2018縣市議員選舉,高雄市,許慧玉
2018縣市議員選舉,高雄市,李喬如
2018縣市議員選舉,高雄市,陳美雅
2018縣市議員選舉,高雄市,簡煥宗
2018縣市議員選舉,高雄市,蔡金晏
2018縣市議員選舉,高雄市,林于凱
2018縣市議員選舉,高雄市,曾俊傑
2018縣市議員選舉,高雄市,童燕珍
2018縣市議員選舉,高雄市,何權峰
2018縣市議員選舉,高雄市,黃柏霖
2018縣市議員選舉,高雄市,鄭孟洳
2018縣市議員選舉,高雄市,康裕成
2018縣市議員選舉,高雄市,黃香菽
2018縣市議員選舉,高雄市,黃紹庭
2018縣市議員選舉,高雄市,陳若翠
2018縣市議員選舉,高雄市,許崑源
2018縣市議員選舉,高雄市,郭建盟
2018縣市議員選舉,高雄市,黃文益
2018縣市議員選舉,高雄市,吳益政
2018縣市議員選舉,高雄市,李雅靜
2018縣市議員選舉,高雄市,林智鴻
2018縣市議員選舉,高雄市,黃捷
2018縣市議員選舉,高雄市,陳慧文
2018縣市議員選舉,高雄市,張漢忠
2018縣市議員選舉,高雄市,鄭安秝
2018縣市議員選舉,高雄市,劉德林
2018縣市議員選舉,高雄市,鍾易仲
2018縣市議員選舉,高雄市,鄭光峰
2018縣市議員選舉,高雄市,陳致中
2018縣市議員選舉,高雄市,李順進
2018縣市議員選舉,高雄市,曾麗燕
2018縣市議員選舉,高雄市,吳銘賜
2018縣市議員選舉,高雄市,陳麗娜
2018縣市議員選舉,高雄市,蔡武宏
2018縣市議員選舉,高雄市,林宛蓉
2018縣市議員選舉,高雄市,邱于軒
2018縣市議員選舉,高雄市,黃天煌
2018縣市議員選舉,高雄市,王耀裕
2018縣市議員選舉,高雄市,韓賜村
2018縣市議員選舉,新北市,鄭宇恩
2018縣市議員選舉,新北市,蔡錦賢
2018縣市議員選舉,新北市,鄭戴麗香
2018縣市議員選舉,新北市,陳偉杰
2018縣市議員選舉,新北市,宋明宗
2018縣市議員選舉,新北市,陳明義
2018縣市議員選舉,新北市,鍾宏仁
2018縣市議員選舉,新北市,何淑峯
2018縣市議員選舉,新北市,蔡健棠
2018縣市議員選舉,新北市,陳科名
2018縣市議員選舉,新北市,蔡淑君
2018縣市議員選舉,新北市,蔣根煌
2018縣市議員選舉,新北市,黃林玲玲
2018縣市議員選舉,新北市,賴秋媚
2018縣市議員選舉,新北市,陳文治
2018縣市議員選舉,新北市,王威元
2018縣市議員選舉,新北市,黃桂蘭
2018縣市議員選舉,新北市,彭佳芸
2018縣市議員選舉,新北市,蔡明堂
2018縣市議員選舉,新北市,李余典
2018縣市議員選舉,新北市,李翁月娥
2018縣市議員選舉,新北市,李坤城
2018縣市議員選舉,新北市,李倩萍
2018縣市議員選舉,新北市,陳啟能
2018縣市議員選舉,新北市,黃俊哲
2018縣市議員選舉,新北市,葉元之
2018縣市議員選舉,新北市,林國春
2018縣市議員選舉,新北市,何博文
2018縣市議員選舉,新北市,戴瑋姍
2018縣市議員選舉,新北市,劉美芳
2018縣市議員選舉,新北市,周勝考
2018縣市議員選舉,新北市,曾煥嘉
2018縣市議員選舉,新北市,王淑慧
2018縣市議員選舉,新北市,金瑞龍
2018縣市議員選舉,新北市,張志豪
2018縣市議員選舉,新北市,游輝宂
2018縣市議員選舉,新北市,陳錦錠
2018縣市議員選舉,新北市,張維倩
2018縣市議員選舉,新北市,邱烽堯
2018縣市議員選舉,新北市,連斐璠
2018縣市議員選舉,新北市,陳鴻源
2018縣市議員選舉,新北市,羅文崇
2018縣市議員選舉,新北市,江怡臻
2018縣市議員選舉,新北市,高敏慧
2018縣市議員選舉,新北市,洪佳君
2018縣市議員選舉,新北市,廖宜琨
2018縣市議員選舉,新北市,彭成龍
2018縣市議員選舉,新北市,蘇泓欽
2018縣市議員選舉,新北市,黃永昌
2018縣市議員選舉,新北市,林銘仁
2018縣市議員選舉,新北市,林金結
2018縣市議員選舉,新北市,陳世榮
2018縣市議員選舉,新北市,劉哲彰
2018縣市議員選舉,新北市,金中玉
2018縣市議員選舉,新北市,陳永福
2018縣市議員選舉,新北市,唐慧琳
2018縣市議員選舉,新北市,陳儀君
2018縣市議員選舉,新北市,林裔綺
2018縣市議員選舉,新北市,白珮茹
2018縣市議員選舉,新北市,張錦豪
2018縣市議員選舉,新北市,廖先翔
2018縣市議員選舉,新北市,周雅玲
2018縣市議員選舉,臺中市,施志昌
2018縣市議員選舉,臺中市,吳敏濟
2018縣市議員選舉,臺中市,李榮鴻
2018縣市議員選舉,臺中市,張清照
2018縣市議員選舉,臺中市,陳廷秀
2018縣市議員選舉,臺中市,楊典忠
2018縣市議員選舉,臺中市,尤碧鈴
2018縣市議員選舉,臺中市,顏莉敏
2018縣市議員選舉,臺中市,張家銨
2018縣市議員選舉,臺中市,林汝洲
2018縣市議員選舉,臺中市,林孟令
2018縣市議員選舉,臺中市,吳瓊華
2018縣市議員選舉,臺中市,陳世凱
2018縣市議員選舉,臺中市,陳清龍
2018縣市議員選舉,臺中市,張瀞分
2018縣市議員選舉,臺中市,陳本添
2018縣市議員選舉,臺中市,王朝坤
2018縣市議員選舉,臺中市,謝志忠
2018縣市議員選舉,臺中市,徐瑄灃
2018縣市議員選舉,臺中市,蕭隆澤
2018縣市議員選舉,臺中市,周永鴻
2018縣市議員選舉,臺中市,吳顯森
2018縣市議員選舉,臺中市,賴朝國
2018縣市議員選舉,臺中市,羅永珍
2018縣市議員選舉,臺中市,黃馨慧
2018縣市議員選舉,臺中市,張廖乃綸
2018縣市議員選舉,臺中市,楊正中
2018縣市議員選舉,臺中市,林祈烽
2018縣市議員選舉,臺中市,陳淑華
2018縣市議員選舉,臺中市,何文海
2018縣市議員選舉,臺中市,朱暖英
2018縣市議員選舉,臺中市,張耀中
2018縣市議員選舉,臺中市,劉士州
2018縣市議員選舉,臺中市,沈佑蓮
2018縣市議員選舉,臺中市,曾朝榮
2018縣市議員選舉,臺中市,賴順仁
2018縣市議員選舉,臺中市,陳成添
2018縣市議員選舉,臺中市,謝明源
2018縣市議員選舉,臺中市,黃健豪
2018縣市議員選舉,臺中市,賴佳微
2018縣市議員選舉,臺中市,陳文政
2018縣市議員選舉,臺中市,陳政顯
2018縣市議員選舉,臺中市,江肇國
2018縣市議員選舉,臺中市,張彥彤
2018縣市議員選舉,臺中市,黃守達
2018縣市議員選舉,臺中市,羅廷瑋
2018縣市議員選舉,臺中市,鄭功進
2018縣市議員選舉,臺中市,李中
2018縣市議員選舉,臺中市,邱素貞
2018縣市議員選舉,臺中市,何敏誠
2018縣市議員選舉,臺中市,蔡耀頡
2018縣市議員選舉,臺中市,李麗華
2018縣市議員選舉,臺中市,張玉嬿
2018縣市議員選舉,臺中市,賴義鍠
2018縣市議員選舉,臺中市,段緯宇
2018縣市議員選舉,臺中市,林德宇
2018縣市議員選舉,臺中市,林碧秀
2018縣市議員選舉,臺中市,張滄沂
2018縣市議員選舉,臺中市,蘇柏興
2018縣市議員選舉,臺中市,李天生
2018縣市議員選舉,臺中市,蔡成圭
2018縣市議員選舉,臺中市,冉齡軒
2018縣市議員選舉,臺南市,蔡育輝
2018縣市議員選舉,臺南市,張世賢
2018縣市議員選舉,臺南市,沈家鳳
2018縣市議員選舉,臺南市,劉米山
2018縣市議員選舉,臺南市,李宗翰
2018縣市議員選舉,臺南市,趙昆原
2018縣市議員選舉,臺南市,蔡蘇秋金
2018縣市議員選舉,臺南市,蔡秋蘭
2018縣市議員選舉,臺南市,方一峰
2018縣市議員選舉,臺南市,謝財旺
2018縣市議員選舉,臺南市,陳昆和
2018縣市議員選舉,臺南市,陳秋宏
2018縣市議員選舉,臺南市,吳通龍
2018縣市議員選舉,臺南市,尤榮智
2018縣市議員選舉,臺南市,周奕齊
2018縣市議員選舉,臺南市,李文俊
2018縣市議員選舉,臺南市,林志聰
2018縣市議員選舉,臺南市,陳碧玉
2018縣市議員選舉,臺南市,林志展
2018縣市議員選舉,臺南市,李偉智
2018縣市議員選舉,臺南市,王錦德
2018縣市議員選舉,臺南市,林炳利
2018縣市議員選舉,臺南市,郭清華
2018縣市議員選舉,臺南市,李中岑
2018縣市議員選舉,臺南市,黃麗招
2018縣市議員選舉,臺南市,郭信良
2018縣市議員選舉,臺南市,楊中成
2018縣市議員選舉,臺南市,林宜瑾
2018縣市議員選舉,臺南市,陳秋萍
2018縣市議員選舉,臺南市,林燕祝
2018縣市議員選舉,臺南市,林易瑩
2018縣市議員選舉,臺南市,李鎮國
2018縣市議員選舉,臺南市,林阳乙
2018縣市議員選舉,臺南市,沈震東
2018縣市議員選舉,臺南市,許至椿
2018縣市議員選舉,臺南市,陳怡珍
2018縣市議員選舉,臺南市,謝龍介
2018縣市議員選舉,臺南市,洪玉鳳
2018縣市議員選舉,臺南市,邱莉莉
2018縣市議員選舉,臺南市,李啓維
2018縣市議員選舉,臺南市,周麗津
2018縣市議員選舉,臺南市,林美燕
2018縣市議員選舉,臺南市,盧崑福
2018縣市議員選舉,臺南市,呂維胤
2018縣市議員選舉,臺南市,蔡淑惠
2018縣市議員選舉,臺南市,王家貞
2018縣市議員選舉,臺南市,曾信凱
2018縣市議員選舉,臺南市,蔡旺詮
2018縣市議員選舉,臺南市,蔡筱薇
2018縣市議員選舉,臺南市,曾培雅
2018縣市議員選舉,臺南市,吳禹寰
2018縣市議員選舉,臺南市,郭鴻儀
2018縣市議員選舉,臺南市,杜素吟
2018縣市議員選舉,臺南市,許又仁
2018縣市議員選舉,臺南市,鄭佳欣
2018縣市議員選舉,桃園市,黃家齊
2018縣市議員選舉,桃園市,李光達
2018縣市議員選舉,桃園市,林政賢
2018縣市議員選舉,桃園市,簡智翔
2018縣市議員選舉,桃園市,陳美梅
2018縣市議員選舉,桃園市,李曉鐘
2018縣市議員選舉,桃園市,黃景熙
2018縣市議員選舉,桃園市,余信憲
2018縣市議員選舉,桃園市,黃婉如
2018縣市議員選舉,桃園市,萬美玲
2018縣市議員選舉,桃園市,詹江村
2018縣市議員選舉,桃園市,蘇家明
2018縣市議員選舉,桃園市,林正峰
2018縣市議員選舉,桃園市,牛煦庭
2018縣市議員選舉,桃園市,林俐玲
2018縣市議員選舉,桃園市,陳雅倫
2018縣市議員選舉,桃園市,呂林小鳳
2018縣市議員選舉,桃園市,蔡永芳
2018縣市議員選舉,桃園市,朱珍瑤
2018縣市議員選舉,桃園市,呂淑真
2018縣市議員選舉,桃園市,劉茂羣
2018縣市議員選舉,桃園市,褚春來
2018縣市議員選舉,桃園市,張桂綿
2018縣市議員選舉,桃園市,郭麗華
2018縣市議員選舉,桃園市,劉勝全
2018縣市議員選舉,桃園市,游吾和
2018縣市議員選舉,桃園市,徐其萬
2018縣市議員選舉,桃園市,李柏坊
2018縣市議員選舉,桃園市,陳治文
2018縣市議員選舉,桃園市,張運炳
2018縣市議員選舉,桃園市,吳嘉和
2018縣市議員選舉,桃園市,彭俊豪
2018縣市議員選舉,桃園市,王浩宇
2018縣市議員選舉,桃園市,徐景文
2018縣市議員選舉,桃園市,邱奕勝
2018縣市議員選舉,桃園市,謝美英
2018縣市議員選舉,桃園市,魯明哲
2018縣市議員選舉,桃園市,梁為超
2018縣市議員選舉,桃園市,劉安祺
2018縣市議員選舉,桃園市,劉曾玉春
2018縣市議員選舉,桃園市,劉仁照
2018縣市議員選舉,桃園市,莊玉輝
2018縣市議員選舉,桃園市,楊家俍
2018縣市議員選舉,桃園市,黃敬平
2018縣市議員選舉,桃園市,陳萬得
2018縣市議員選舉,桃園市,舒翠玲
2018縣市議員選舉,桃園市,李家興
2018縣市議員選舉,桃園市,鄭淑方
2018縣市議員選舉,桃園市,周玉琴
2018縣市議員選舉,桃園市,涂權吉
2018縣市議員選舉,桃園市,徐玉樹
2018縣市議員選舉,桃園市,劉熒隆
2018縣市議員選舉,桃園市,林昭賢
2018縣市議員選舉,桃園市,邱佳亮
2018縣市議員選舉,桃園市,歐炳辰
2018縣市議員選舉,桃園市,吳宗憲
2018縣市議員選舉,臺北市,李芳儒
2018縣市議員選舉,新北市,宋雨蓁
2018縣市議員選舉,新北市,忠仁．達祿斯
2018縣市議員選舉,新北市,楊春妹
2018縣市議員選舉,桃園市,楊進福
2018縣市議員選舉,桃園市,王仙蓮
2018縣市議員選舉,桃園市,陳姿伶
2018縣市議員選舉,桃園市,林志強
2018縣市議員選舉,臺中市,黃仁
2018縣市議員選舉,臺南市,穎艾・達利
2018縣市議員選舉,高雄市,王義雄
2018縣市議員選舉,金門縣,王秀玉
2018縣市議員選舉,苗栗縣,温宜靜
2018縣市議員選舉,彰化縣,蕭淑芬
2018縣市議員選舉,屏東縣,陳哲蕙